epoch,IoU,auc,binaryCE,dice_coef,dice_loss,loss,pr_auc,precision,recall,val_IoU,val_auc,val_binaryCE,val_dice_coef,val_dice_loss,val_loss,val_pr_auc,val_precision,val_recall,val_weighted_bce,weighted_bce
0,0.23592205345630646,0.9555289149284363,0.18028013408184052,0.32992058992385864,0.6700785756111145,0.5866008400917053,0.3884032964706421,0.26058560609817505,0.8545510768890381,0.26529908180236816,0.9792245626449585,0.11324352771043777,0.34227535128593445,0.6577245593070984,0.5845561027526855,0.4797932505607605,0.4409651756286621,0.8748206496238708,0.3661716878414154,0.3361656963825226
1,0.33093416690826416,0.9768146276473999,0.0901833325624466,0.4333224594593048,0.5666773319244385,0.495665580034256,0.5334757566452026,0.49198490381240845,0.8435171246528625,0.2900068163871765,0.9868084788322449,0.069060318171978,0.37156543135643005,0.6284344792366028,0.5262247323989868,0.6501897573471069,0.5912479162216187,0.8714713454246521,0.22114233672618866,0.2826305329799652
2,0.3693152070045471,0.982353150844574,0.07302619516849518,0.4684370160102844,0.5315629839897156,0.4648006856441498,0.6000823378562927,0.5684974789619446,0.8611447215080261,0.32980823516845703,0.9878351092338562,0.050935178995132446,0.4089854657649994,0.5910146236419678,0.5175575017929077,0.7091389298439026,0.7019473910331726,0.8453706502914429,0.29876628518104553,0.26451465487480164
3,0.3851161003112793,0.9818048477172852,0.0681624487042427,0.48723703622817993,0.5127630829811096,0.4519768953323364,0.619586706161499,0.600627601146698,0.8585193157196045,0.33271893858909607,0.9851851463317871,0.07798570394515991,0.41332149505615234,0.586678683757782,0.5132153630256653,0.6379715204238892,0.6153097748756409,0.912284255027771,0.2944425642490387,0.26962020993232727
4,0.40717655420303345,0.9840084910392761,0.06281717866659164,0.5071013569831848,0.4928986430168152,0.4318857192993164,0.6441697478294373,0.6295604705810547,0.8667904138565063,0.3359663784503937,0.9824179410934448,0.07656476646661758,0.41470903158187866,0.585290789604187,0.5130826830863953,0.62842857837677,0.6206064820289612,0.8831185102462769,0.2980658710002899,0.2488476186990738
5,0.4148269295692444,0.9834073185920715,0.05985748767852783,0.5131800174713135,0.4868198037147522,0.42781755328178406,0.6600106358528137,0.6490858197212219,0.8706254363059998,0.3459697365760803,0.9784237742424011,0.04649157077074051,0.4279177784919739,0.5720823407173157,0.5114821195602417,0.7122288942337036,0.74144047498703,0.806560754776001,0.33130910992622375,0.2508107125759125
6,0.42060789465904236,0.9842404127120972,0.05955789238214493,0.5198180675506592,0.48018205165863037,0.42370760440826416,0.6547675132751465,0.6407763361930847,0.8735723495483398,0.3586583733558655,0.9924603700637817,0.05252433940768242,0.440400093793869,0.5595998167991638,0.4745889902114868,0.7214698791503906,0.7053137421607971,0.8988524675369263,0.22143685817718506,0.25428375601768494
7,0.4499320685863495,0.9849701523780823,0.050035782158374786,0.5444987416267395,0.4555012285709381,0.39765360951423645,0.7057381868362427,0.7022320032119751,0.8807891607284546,0.3697938323020935,0.9842302799224854,0.05052930489182472,0.44988277554512024,0.5501173138618469,0.48650461435317993,0.7138698697090149,0.7293879985809326,0.8645228147506714,0.29745545983314514,0.22411073744297028
8,0.4493730366230011,0.9857310652732849,0.050916824489831924,0.5456708073616028,0.4543292224407196,0.4007801115512848,0.6996860504150391,0.6987332701683044,0.8784092664718628,0.3405075967311859,0.9887188673019409,0.07981282472610474,0.4198184609413147,0.5801815986633301,0.48569008708000183,0.6233438849449158,0.5899884104728699,0.9295396208763123,0.20402103662490845,0.24013331532478333
9,0.4661039412021637,0.9861675500869751,0.047074075788259506,0.560882031917572,0.4391182065010071,0.3819904625415802,0.7176359295845032,0.7174063920974731,0.8878641724586487,0.3980550169944763,0.986015260219574,0.04282529279589653,0.474837064743042,0.5251629948616028,0.4755082130432129,0.7528420686721802,0.7955551743507385,0.8504059314727783,0.32840636372566223,0.21060828864574432
10,0.46337440609931946,0.9875941872596741,0.046124182641506195,0.5570251941680908,0.442975252866745,0.38498878479003906,0.7244007587432861,0.7236596345901489,0.8873745799064636,0.4003109931945801,0.9834957122802734,0.046450696885585785,0.47699666023254395,0.5230033993721008,0.47320711612701416,0.7377970218658447,0.7746182084083557,0.8542713522911072,0.3256889879703522,0.21102964878082275
11,0.479154109954834,0.9876613616943359,0.04315856099128723,0.5704633593559265,0.42953699827194214,0.37348324060440063,0.740310788154602,0.7409936785697937,0.8921080231666565,0.3848443031311035,0.9887263178825378,0.046073947101831436,0.4657810926437378,0.5342187881469727,0.4567424952983856,0.7317234873771667,0.7330574989318848,0.8834370970726013,0.22630083560943604,0.20532219111919403
12,0.4915294349193573,0.9883160591125488,0.04246984422206879,0.5831195116043091,0.41688063740730286,0.3625156283378601,0.7456420063972473,0.7494194507598877,0.8963807821273804,0.40755853056907654,0.9804219007492065,0.047160565853118896,0.4822140336036682,0.517785906791687,0.46949177980422974,0.7514844536781311,0.7870686054229736,0.8751228451728821,0.32650893926620483,0.19942103326320648
13,0.5019615292549133,0.9890764355659485,0.03972402587532997,0.5913124680519104,0.40868741273880005,0.3564459979534149,0.7610084414482117,0.7651822566986084,0.8997654914855957,0.4135216474533081,0.9879225492477417,0.03794604539871216,0.4912928640842438,0.5087070465087891,0.44305694103240967,0.7750319838523865,0.7950055003166199,0.8753980994224548,0.24818338453769684,0.19972194731235504
14,0.49525031447410583,0.9882109761238098,0.04185542091727257,0.585748016834259,0.4142513573169708,0.3600994348526001,0.7474959492683411,0.7526280283927917,0.8964705467224121,0.35266077518463135,0.9925941824913025,0.06476843357086182,0.4347951114177704,0.5652048587799072,0.4642329216003418,0.6782519817352295,0.6416449546813965,0.9228618741035461,0.16328901052474976,0.19764374196529388
15,0.5209466814994812,0.9891066551208496,0.037911202758550644,0.6100120544433594,0.3899882733821869,0.33685073256492615,0.7671136260032654,0.7764664888381958,0.8993617296218872,0.41223034262657166,0.9878199696540833,0.046870652586221695,0.4903886616230011,0.5096113681793213,0.43240076303482056,0.7484217882156372,0.7556779384613037,0.89984130859375,0.20292721688747406,0.17743830382823944
16,0.5141775608062744,0.989798903465271,0.03684750571846962,0.6013451814651489,0.3986542820930481,0.34391364455223083,0.7747654318809509,0.7795540690422058,0.9021737575531006,0.3874797821044922,0.9913519620895386,0.05137046426534653,0.468519926071167,0.5314799547195435,0.4417276978492737,0.7299584150314331,0.7148177027702332,0.914510190486908,0.17456050217151642,0.17969143390655518
17,0.5140600204467773,0.9905816316604614,0.03720882162451744,0.6024124622344971,0.39758774638175964,0.3429095447063446,0.7756847739219666,0.7795648574829102,0.9049437046051025,0.42347708344459534,0.9901353120803833,0.044902194291353226,0.49931320548057556,0.5006868243217468,0.42965608835220337,0.760654628276825,0.7600868940353394,0.917985200881958,0.2187323123216629,0.1788763701915741
18,0.533456563949585,0.9901893734931946,0.03523186966776848,0.6198230385780334,0.38017696142196655,0.32777777314186096,0.786640465259552,0.7927097082138062,0.9066039323806763,0.39871758222579956,0.9896901249885559,0.04276387393474579,0.4767516851425171,0.5232481956481934,0.4476586878299713,0.7511550188064575,0.7537227869033813,0.898298978805542,0.22294722497463226,0.1705799698829651
19,0.5204922556877136,0.9898297786712646,0.03617885336279869,0.6101371049880981,0.3898625373840332,0.3354473412036896,0.7786341905593872,0.7829550504684448,0.9057931900024414,0.44514769315719604,0.9818946123123169,0.04054282233119011,0.5172105431556702,0.4827894866466522,0.43866169452667236,0.7796498537063599,0.8160224556922913,0.8803824782371521,0.30838626623153687,0.17220136523246765
20,0.5379254817962646,0.9910037517547607,0.033231381326913834,0.6242411136627197,0.3757593035697937,0.32204964756965637,0.7958108186721802,0.8006386756896973,0.9098631739616394,0.4253672659397125,0.980981707572937,0.035707294940948486,0.49603262543678284,0.5039672255516052,0.4713965058326721,0.7959644198417664,0.8526729941368103,0.8452405333518982,0.3755675256252289,0.1609216332435608
21,0.5394834280014038,0.9906511902809143,0.03196995332837105,0.6239625811576843,0.3760371506214142,0.3231752812862396,0.8052716255187988,0.8123189210891724,0.9099026918411255,0.443653404712677,0.9923136830329895,0.04298126697540283,0.5168034434318542,0.48319655656814575,0.412249892950058,0.7794034481048584,0.7777944207191467,0.9333093166351318,0.2016943395137787,0.1645893156528473
22,0.5622649192810059,0.9914607405662537,0.030805103480815887,0.6462200284004211,0.3537794351577759,0.3038121163845062,0.8131894469261169,0.8185681700706482,0.9182261824607849,0.4474251866340637,0.9814705848693848,0.03564462810754776,0.5189996957778931,0.48100024461746216,0.44926878809928894,0.7977318167686462,0.8487766981124878,0.8642835021018982,0.35610851645469666,0.15390999615192413
23,0.5456104874610901,0.9913057684898376,0.033074092119932175,0.6296929717063904,0.37030676007270813,0.3169480264186859,0.7959825992584229,0.8034605383872986,0.9117609858512878,0.4443800151348114,0.9890819191932678,0.040593598037958145,0.5157021880149841,0.4842977821826935,0.42546775937080383,0.7906246781349182,0.7964943647384644,0.9241977334022522,0.25119391083717346,0.15687282383441925
24,0.5571230053901672,0.9922468066215515,0.030663317069411278,0.6396896243095398,0.36031004786491394,0.30640682578086853,0.8104405999183655,0.8154841065406799,0.9170125126838684,0.4420906901359558,0.9909398555755615,0.039668891578912735,0.5149992108345032,0.48500075936317444,0.42001813650131226,0.7838345766067505,0.7852845788002014,0.9197249412536621,0.22729948163032532,0.14469781517982483
25,0.570674479007721,0.9934451580047607,0.028423938900232315,0.6527253985404968,0.3472742736339569,0.29556792974472046,0.8241168856620789,0.8253540992736816,0.9244697093963623,0.4531354010105133,0.9855297207832336,0.03655998036265373,0.5215519666671753,0.4784480035305023,0.44130638241767883,0.8067178726196289,0.8348580598831177,0.9018039107322693,0.3319675326347351,0.14045006036758423
26,0.5779359340667725,0.9933032989501953,0.026961881667375565,0.6567894220352173,0.3432101011276245,0.2913351058959961,0.835269570350647,0.840084969997406,0.9247047901153564,0.45312371850013733,0.9882793426513672,0.033581219613552094,0.5235053896903992,0.47649461030960083,0.42583751678466797,0.808984100818634,0.8228058218955994,0.9113478064537048,0.27606481313705444,0.1357109397649765
27,0.56883704662323,0.9935110807418823,0.02726799249649048,0.6500348448753357,0.34996530413627625,0.29638081789016724,0.831588089466095,0.8363387584686279,0.9196351170539856,0.40988245606422424,0.9911766052246094,0.057140007615089417,0.48429813981056213,0.5157017111778259,0.44208216667175293,0.7279847264289856,0.7169581651687622,0.9361664652824402,0.22330492734909058,0.13562725484371185
28,0.5740870237350464,0.9928330183029175,0.028507709503173828,0.6589508652687073,0.341048926115036,0.2928924262523651,0.8257040977478027,0.8297091722488403,0.9199455380439758,0.4578949213027954,0.988357424736023,0.03703689202666283,0.5275887250900269,0.47241124510765076,0.41237911581993103,0.8030334711074829,0.8162015080451965,0.9156380891799927,0.2345648854970932,0.14842185378074646
29,0.5882054567337036,0.9949088096618652,0.023406879976391792,0.6653484106063843,0.3346516788005829,0.28295889496803284,0.8550637364387512,0.85775226354599,0.9276008009910583,0.4624837338924408,0.9794550538063049,0.03792031481862068,0.5286058187484741,0.4713941514492035,0.46200427412986755,0.80999356508255,0.8530959486961365,0.889305591583252,0.43578028678894043,0.12788231670856476
30,0.592093825340271,0.9945616722106934,0.024654719978570938,0.6697085499763489,0.3302912414073944,0.280070036649704,0.8477730751037598,0.8509601950645447,0.9277536273002625,0.4555918574333191,0.9885241389274597,0.033869802951812744,0.522871196269989,0.4771287739276886,0.4378531575202942,0.8162556886672974,0.8291533589363098,0.916801929473877,0.3221417963504791,0.1294064223766327
31,0.5732359290122986,0.9941378831863403,0.02735716663300991,0.6530320644378662,0.3469676077365875,0.29404324293136597,0.831322193145752,0.8345170021057129,0.9240021109580994,0.46639230847358704,0.9830125570297241,0.03238715976476669,0.5317781567573547,0.4682217240333557,0.4465579390525818,0.8236169815063477,0.8695578575134277,0.8778334259986877,0.3836180567741394,0.13527241349220276
32,0.5860342979431152,0.9951959252357483,0.024450981989502907,0.6626373529434204,0.33736205101013184,0.2854078710079193,0.8502241969108582,0.8500258922576904,0.9300898909568787,0.4632091522216797,0.987877368927002,0.03513852506875992,0.5296315550804138,0.4703684151172638,0.43624672293663025,0.8180906176567078,0.8338732123374939,0.9183995723724365,0.3360016942024231,0.1295466274023056
33,0.6005367040634155,0.9948421716690063,0.02292647957801819,0.675119936466217,0.3248794674873352,0.27352145314216614,0.8573217391967773,0.8590180277824402,0.931048572063446,0.4658251106739044,0.9881622791290283,0.03958675637841225,0.5347448587417603,0.46525511145591736,0.4113609492778778,0.801443338394165,0.8116604089736938,0.9259225130081177,0.2519667446613312,0.11944807320833206
34,0.5824690461158752,0.995095431804657,0.023396866396069527,0.6582168936729431,0.34178265929222107,0.2871318459510803,0.8546752333641052,0.8548799753189087,0.9305499792098999,0.4613374173641205,0.9881093502044678,0.03526860103011131,0.5294885635375977,0.47051146626472473,0.422736257314682,0.816036581993103,0.8263986706733704,0.92083340883255,0.2816212475299835,0.12317930907011032
35,0.6099812984466553,0.9953380227088928,0.02167556993663311,0.6863561868667603,0.3136436939239502,0.264662504196167,0.8655538558959961,0.8675380945205688,0.9321814179420471,0.46319741010665894,0.9800451993942261,0.032791901379823685,0.5281468629837036,0.47185319662094116,0.45354604721069336,0.8221918344497681,0.8649856448173523,0.8832082748413086,0.4006291329860687,0.11772004514932632
36,0.6149814128875732,0.9956226944923401,0.020429592579603195,0.6866611242294312,0.31333938241004944,0.26338720321655273,0.8722721338272095,0.8741652965545654,0.9354206323623657,0.4388541579246521,0.9823359847068787,0.03250857815146446,0.5077691078186035,0.49223095178604126,0.4568046033382416,0.8150045871734619,0.8664954304695129,0.8589580655097961,0.352510005235672,0.11353125423192978
37,0.5823683738708496,0.9943492412567139,0.0264749713242054,0.6596883535385132,0.3403114974498749,0.2866428792476654,0.8375749588012695,0.8374750018119812,0.9293949604034424,0.46021947264671326,0.9870777130126953,0.035433828830718994,0.529342532157898,0.47065743803977966,0.409182608127594,0.8134250044822693,0.819848895072937,0.9264101386070251,0.22706763446331024,0.12563686072826385
38,0.5963237285614014,0.9953683018684387,0.02343909628689289,0.6705540418624878,0.3294451832771301,0.2764323353767395,0.852420449256897,0.8529837727546692,0.9333572387695312,0.4549326002597809,0.9917232394218445,0.03985453397035599,0.5229421257972717,0.47705790400505066,0.41527828574180603,0.7909427881240845,0.7907639741897583,0.936211347579956,0.23220740258693695,0.11739305406808853
39,0.598843514919281,0.9947775602340698,0.021373648196458817,0.6703209280967712,0.3296791613101959,0.27623188495635986,0.8673081398010254,0.8699340224266052,0.9330419301986694,0.46432310342788696,0.9832881093025208,0.03237907961010933,0.5285800695419312,0.47141993045806885,0.4614526927471161,0.8281254172325134,0.8650205731391907,0.8937394618988037,0.43350091576576233,0.1158905029296875
40,0.6172367334365845,0.9960243105888367,0.01939423754811287,0.6872077584266663,0.31279173493385315,0.2615100145339966,0.8784728646278381,0.8794265985488892,0.9382210969924927,0.45413103699684143,0.9784379601478577,0.03842489793896675,0.5210187435150146,0.47898128628730774,0.46033474802970886,0.8000199198722839,0.8388563990592957,0.8889690041542053,0.40635234117507935,0.10766573995351791
41,0.611513614654541,0.9957792162895203,0.020592734217643738,0.6845645904541016,0.315435528755188,0.26648959517478943,0.8705622553825378,0.8733566403388977,0.9325580596923828,0.4783712327480316,0.9858964681625366,0.03221829608082771,0.5429675579071045,0.45703232288360596,0.4225383698940277,0.8273696899414062,0.8566674590110779,0.9030051231384277,0.32126882672309875,0.11965276300907135
42,0.6235050559043884,0.9960152506828308,0.019817573949694633,0.6934457421302795,0.3065533936023712,0.2572205364704132,0.877014696598053,0.8787237405776978,0.9372845888137817,0.46095800399780273,0.990588903427124,0.031469620764255524,0.529443621635437,0.4705563485622406,0.41455206274986267,0.8301576972007751,0.8403598070144653,0.9210532903671265,0.24881143867969513,0.10922151058912277
43,0.6016510128974915,0.9957218170166016,0.021076388657093048,0.6723645925521851,0.32763543725013733,0.27399277687072754,0.8690410852432251,0.869877278804779,0.9361590147018433,0.4619608223438263,0.9887107014656067,0.029941072687506676,0.528070867061615,0.47192907333374023,0.42954757809638977,0.8298590779304504,0.8564849495887756,0.8944246172904968,0.3045753538608551,0.11306516081094742
44,0.6088966131210327,0.9944334626197815,0.02088938280940056,0.6790237426757812,0.32097622752189636,0.26901179552078247,0.8724163174629211,0.8783538937568665,0.9302794933319092,0.4776550531387329,0.989937424659729,0.03039373829960823,0.5429311990737915,0.4570687413215637,0.40984272956848145,0.8327604532241821,0.8451001644134521,0.9241364002227783,0.27046293020248413,0.11311794817447662
45,0.615780770778656,0.9964480400085449,0.018562639132142067,0.6832976937294006,0.31670257449150085,0.2633446455001831,0.8846228718757629,0.8844580054283142,0.9401097893714905,0.4815436601638794,0.9862420558929443,0.03782717138528824,0.5452228784561157,0.45477724075317383,0.4227997362613678,0.8212170600891113,0.8322407603263855,0.9360527992248535,0.32908013463020325,0.10327170044183731
46,0.6157552003860474,0.9959987998008728,0.019061919301748276,0.6822597980499268,0.31773999333381653,0.26406213641166687,0.880373477935791,0.882450520992279,0.9387168884277344,0.4858175814151764,0.9848790168762207,0.03343270346522331,0.5492277145385742,0.4507722556591034,0.4167584776878357,0.8317568898200989,0.8515480160713196,0.9231505393981934,0.3169698119163513,0.10302913933992386
47,0.6127831935882568,0.9957919716835022,0.02082010917365551,0.6835203170776367,0.316479355096817,0.2663957178592682,0.8696230053901672,0.872291624546051,0.9337643980979919,0.47191548347473145,0.9833230376243591,0.033555351197719574,0.538020670413971,0.46197932958602905,0.43625950813293457,0.8266275525093079,0.8563858866691589,0.9061121344566345,0.3612236976623535,0.11614484339952469
48,0.6245575547218323,0.9960648417472839,0.019050423055887222,0.6925944685935974,0.307405024766922,0.25652238726615906,0.8820683360099792,0.8839643597602844,0.939531683921814,0.46982449293136597,0.9814545512199402,0.033478185534477234,0.5357393026351929,0.46426060795783997,0.431685209274292,0.8223090767860413,0.8590990900993347,0.8969168066978455,0.3361121118068695,0.10387472063302994
49,0.6241326928138733,0.9957417845726013,0.019619960337877274,0.6940246820449829,0.30597570538520813,0.25698724389076233,0.8761563897132874,0.8785985112190247,0.9363127946853638,0.48380589485168457,0.980583131313324,0.03323700651526451,0.5450917482376099,0.4549078941345215,0.4407481253147125,0.8339037895202637,0.8735756278038025,0.896922767162323,0.4003627300262451,0.11002258211374283
50,0.6355457901954651,0.9969032406806946,0.016471317037940025,0.6997650861740112,0.30023497343063354,0.2508310377597809,0.8976812958717346,0.8991429209709167,0.9430500268936157,0.478439599275589,0.9853224754333496,0.030681734904646873,0.541506290435791,0.458493709564209,0.43578559160232544,0.8406071662902832,0.8740658760070801,0.9008988738059998,0.36978569626808167,0.10261963307857513
51,0.6307917237281799,0.996915340423584,0.016185352578759193,0.6933898329734802,0.3066098093986511,0.25268882513046265,0.8994346857070923,0.9002159237861633,0.9459248185157776,0.48873549699783325,0.9881901144981384,0.034288085997104645,0.5504589080810547,0.4495409429073334,0.42481476068496704,0.833785355091095,0.8410186767578125,0.9426407814025879,0.35283684730529785,0.0909268707036972
52,0.6444017291069031,0.9972192049026489,0.015826206654310226,0.7085634469985962,0.29143598675727844,0.24268211424350739,0.901053786277771,0.9018335938453674,0.9449759721755981,0.47935450077056885,0.9877551794052124,0.03355375677347183,0.5429020524024963,0.4570980966091156,0.42859533429145813,0.833280622959137,0.8434028625488281,0.9354469776153564,0.34526464343070984,0.0964205339550972
53,0.6458547115325928,0.9964776635169983,0.01639510504901409,0.710344672203064,0.28965452313423157,0.24202066659927368,0.8974310159683228,0.9006191492080688,0.9412451982498169,0.47980329394340515,0.9816961288452148,0.03365889936685562,0.5417452454566956,0.45825451612472534,0.44227591156959534,0.8291621208190918,0.8674771785736084,0.9001135230064392,0.3964192569255829,0.0991189107298851
54,0.6336748600006104,0.9966223239898682,0.016598720103502274,0.6989941596984863,0.3010055422782898,0.25239452719688416,0.8965262770652771,0.899181604385376,0.9412223100662231,0.4673672616481781,0.9834165573120117,0.03268503397703171,0.5334732532501221,0.46652668714523315,0.42876625061035156,0.8241890072822571,0.8556042313575745,0.8975749611854553,0.31766313314437866,0.10656262189149857
55,0.6427744030952454,0.9971879720687866,0.01613624021410942,0.7062995433807373,0.29370030760765076,0.24405449628829956,0.8998410701751709,0.8994103670120239,0.9462880492210388,0.48872819542884827,0.9860523343086243,0.03310598433017731,0.5506124496459961,0.44938743114471436,0.42861559987068176,0.835613489151001,0.8556771278381348,0.9243128895759583,0.3684709668159485,0.09511667490005493
56,0.6535059213638306,0.9971965551376343,0.015308419242501259,0.7156562209129333,0.284343421459198,0.23632918298244476,0.903849720954895,0.9053025841712952,0.9457192420959473,0.4781358540058136,0.9830983281135559,0.03175022825598717,0.5398362874984741,0.4601636230945587,0.4459449052810669,0.8386467099189758,0.8683779239654541,0.9083395600318909,0.4053425192832947,0.09228651225566864
57,0.6346833109855652,0.9967575073242188,0.01693219318985939,0.6990277171134949,0.30097225308418274,0.24969051778316498,0.8939363360404968,0.8950864672660828,0.9444870352745056,0.472286581993103,0.9820554852485657,0.031716879457235336,0.53578120470047,0.4642188549041748,0.46353650093078613,0.834873616695404,0.8732611536979675,0.8949421644210815,0.46342530846595764,0.09584507346153259
58,0.6507071256637573,0.9971024990081787,0.015227597206830978,0.7120258808135986,0.2879745066165924,0.23793546855449677,0.9043799042701721,0.9066768884658813,0.9431952834129333,0.4905780553817749,0.9863530993461609,0.030002886429429054,0.5496471524238586,0.4503527879714966,0.44126781821250916,0.8491169214248657,0.8710373044013977,0.9217863082885742,0.416098952293396,0.087819904088974
59,0.6505423188209534,0.9961773753166199,0.015597292222082615,0.7108715176582336,0.28912875056266785,0.2403261661529541,0.9035657644271851,0.9063523411750793,0.9444637298583984,0.4610452950000763,0.9668901562690735,0.03895934671163559,0.5258720517158508,0.474127858877182,0.47951602935791016,0.8041335940361023,0.8788905143737793,0.8446691036224365,0.4975070059299469,0.09391826391220093
60,0.6543408632278442,0.9975107908248901,0.014549939893186092,0.715135931968689,0.2848644256591797,0.23519301414489746,0.9095163345336914,0.9100872278213501,0.9467689394950867,0.48934873938560486,0.9827594757080078,0.031106477603316307,0.5514028668403625,0.4485969543457031,0.427627831697464,0.8376290798187256,0.8703662753105164,0.9065863490104675,0.36689919233322144,0.08617901057004929
61,0.6629774570465088,0.9976586699485779,0.013821822591125965,0.7235474586486816,0.2764526307582855,0.22968076169490814,0.9134886264801025,0.9126875996589661,0.9505204558372498,0.49217766523361206,0.9899253249168396,0.029537087306380272,0.5550287365913391,0.4449712336063385,0.41164228320121765,0.8445481061935425,0.8510769605636597,0.9374006390571594,0.3139443099498749,0.08936616778373718
62,0.6473491191864014,0.9973525404930115,0.014425079338252544,0.7065099477767944,0.29348990321159363,0.24192355573177338,0.909354567527771,0.9095956087112427,0.9480345249176025,0.49540823698043823,0.9882328510284424,0.028241775929927826,0.5561258792877197,0.4438740909099579,0.4181273877620697,0.8504986763000488,0.8755184412002563,0.9157876968383789,0.3431304395198822,0.0872243270277977
63,0.6542471051216125,0.9976598024368286,0.014119627885520458,0.7132368087768555,0.28676244616508484,0.23675455152988434,0.9124286770820618,0.9129781126976013,0.9473533630371094,0.4872763752937317,0.9888160228729248,0.03088860958814621,0.5486063361167908,0.45139363408088684,0.42118391394615173,0.8410476446151733,0.8536525368690491,0.9310789108276367,0.33278074860572815,0.08673001825809479
64,0.6398264169692993,0.9974862337112427,0.015342294238507748,0.7006911635398865,0.2993081212043762,0.24623027443885803,0.9041532874107361,0.9024438858032227,0.948704183101654,0.49288511276245117,0.9860113859176636,0.030611634254455566,0.553123950958252,0.4468759596347809,0.43005603551864624,0.8437337279319763,0.8686971664428711,0.9174840450286865,0.38176029920578003,0.08699652552604675
65,0.6726664900779724,0.9967527985572815,0.014577711932361126,0.7333080768585205,0.26669174432754517,0.22335205972194672,0.9106593728065491,0.912041425704956,0.9499182105064392,0.6874545216560364,0.9495218992233276,0.13540880382061005,0.7463341951370239,0.25366589426994324,0.5061279535293579,0.7892926931381226,0.8672236800193787,0.871478796005249,1.2601054906845093,0.09333299845457077
66,0.7146698236465454,0.9817521572113037,0.05305209383368492,0.7861824035644531,0.21381784975528717,0.23225128650665283,0.8346526026725769,0.84771728515625,0.9377247095108032,0.6780549883842468,0.976459264755249,0.08049852401018143,0.7420721054077148,0.25792792439460754,0.34528735280036926,0.7996512651443481,0.817846953868866,0.927370548248291,0.6050336360931396,0.28755226731300354
67,0.7671997547149658,0.9883262515068054,0.027728091925382614,0.8330488801002502,0.16695134341716766,0.1796400547027588,0.8746048212051392,0.8750396966934204,0.9476408362388611,0.6716631054878235,0.9728683233261108,0.0773777961730957,0.7351621389389038,0.2648381292819977,0.35451313853263855,0.8152552247047424,0.8369709849357605,0.919328510761261,0.621144711971283,0.21770617365837097
68,0.7762172222137451,0.9902244210243225,0.02573991008102894,0.8420397043228149,0.15796005725860596,0.1576281189918518,0.8854697346687317,0.8805996775627136,0.9508441686630249,0.7386866211891174,0.9697670936584473,0.08735664188861847,0.7964692115783691,0.20353078842163086,0.3474917709827423,0.8284720778465271,0.8612149357795715,0.9089902639389038,0.7770269513130188,0.1566321700811386
69,0.771710991859436,0.9904873371124268,0.02753472700715065,0.8373556733131409,0.1626446396112442,0.17051298916339874,0.8871776461601257,0.8826935887336731,0.9469078779220581,0.7091863751411438,0.9745255708694458,0.08180157840251923,0.7699863910675049,0.23001348972320557,0.33908092975616455,0.8299338817596436,0.8508670330047607,0.9176710247993469,0.6639928221702576,0.19411888718605042
70,0.7551233172416687,0.991818368434906,0.023523807525634766,0.8211120963096619,0.1788882613182068,0.17990727722644806,0.8876906633377075,0.878951907157898,0.9468671083450317,0.704275906085968,0.9815594553947449,0.061887476593256,0.7685750722885132,0.2314247488975525,0.29971301555633545,0.8314229249954224,0.8392813205718994,0.9309622049331665,0.5025532841682434,0.18296518921852112
71,0.7679824829101562,0.9840934872627258,0.08116147667169571,0.8312901258468628,0.16870976984500885,0.19756805896759033,0.8764020800590515,0.8809032440185547,0.9340178370475769,0.7303199768066406,0.966317355632782,0.16991278529167175,0.7918648719787598,0.20813532173633575,0.37964901328086853,0.8144513964653015,0.8476607799530029,0.909605085849762,0.8916255831718445,0.2841428816318512
72,0.8012778162956238,0.9933151602745056,0.020641380921006203,0.8643856644630432,0.13561446964740753,0.13420699536800385,0.896219789981842,0.8856261968612671,0.9542831182479858,0.7361212372779846,0.9785290956497192,0.08699385076761246,0.7966336607933044,0.20336627960205078,0.30836012959480286,0.8419058322906494,0.8511701226234436,0.9298686981201172,0.6212587952613831,0.12998434901237488
73,0.7779608368873596,0.9938966035842896,0.02034279704093933,0.8427454829216003,0.15725405514240265,0.15232178568840027,0.8938002586364746,0.8817969560623169,0.9512619376182556,0.7141525745391846,0.9713737964630127,0.1039574146270752,0.7751749157905579,0.22482505440711975,0.35440799593925476,0.8279851675033569,0.8494074940681458,0.9139177799224854,0.7407622933387756,0.13752536475658417
74,0.7782948613166809,0.9864063262939453,0.06558933109045029,0.8453078866004944,0.15469226241111755,0.17946018278598785,0.8765565752983093,0.8754529356956482,0.9370366930961609,0.7145116925239563,0.9794898629188538,0.08914195746183395,0.7780057787895203,0.22199398279190063,0.31289586424827576,0.8254683613777161,0.8322939872741699,0.9277759194374084,0.5834874510765076,0.2537640929222107
75,0.7598116993904114,0.9870142340660095,0.04080254212021828,0.8312902450561523,0.16870974004268646,0.1928318440914154,0.8619933128356934,0.8593274354934692,0.933879554271698,0.6674014925956726,0.9844750761985779,0.07402174919843674,0.7344887256622314,0.2655116021633148,0.3285320997238159,0.7896409630775452,0.7790108323097229,0.9456042051315308,0.5204417109489441,0.26519879698753357
76,0.7606523036956787,0.9890183806419373,0.03949444368481636,0.8298885226249695,0.17011182010173798,0.19413074851036072,0.861029863357544,0.855320930480957,0.9363362789154053,0.6865772008895874,0.9873579740524292,0.05719974264502525,0.7513750791549683,0.24862518906593323,0.29413753747940063,0.8096513748168945,0.8042940497398376,0.9416026473045349,0.4286873936653137,0.26618823409080505
77,0.7705554366111755,0.9935303330421448,0.02446100302040577,0.8375937938690186,0.16240647435188293,0.1599031239748001,0.8829088807106018,0.8746238946914673,0.9471238255500793,0.5746285319328308,0.978474497795105,0.09297896176576614,0.6438983678817749,0.3561016917228699,0.3962723910808563,0.7856406569480896,0.7926642894744873,0.9284700155258179,0.5141075253486633,0.1523929238319397
78,0.7616499662399292,0.9874356389045715,0.04421595111489296,0.8301541805267334,0.1698453426361084,0.19576579332351685,0.8774455785751343,0.8760442733764648,0.9351369142532349,0.7286115884780884,0.9761360287666321,0.08631962537765503,0.7909928560256958,0.20900708436965942,0.3135116994380951,0.8301459550857544,0.8505644202232361,0.9133583307266235,0.6249072551727295,0.2735274136066437
79,0.8022737503051758,0.994539737701416,0.019160684198141098,0.8663710355758667,0.1336292028427124,0.1328517496585846,0.9020408987998962,0.8938170671463013,0.9440380334854126,0.5398481488227844,0.987400472164154,0.0851031020283699,0.6119051575660706,0.38809481263160706,0.4024029076099396,0.6946682333946228,0.6677441000938416,0.948745608329773,0.4426085352897644,0.1305195838212967
80,0.7846826314926147,0.9918997883796692,0.0341581329703331,0.8488342761993408,0.15116630494594574,0.16605912148952484,0.8826825022697449,0.8776416778564453,0.9405426383018494,0.7217220664024353,0.980327308177948,0.09869520366191864,0.7856073379516602,0.21439272165298462,0.3225056529045105,0.8259580731391907,0.8319511413574219,0.9276936650276184,0.6446659564971924,0.21073806285858154
81,0.7847238183021545,0.9941036701202393,0.024616777896881104,0.8503782749176025,0.14962215721607208,0.15560179948806763,0.8861877918243408,0.8775228261947632,0.9425448179244995,0.7099114060401917,0.98138028383255,0.08128868043422699,0.7737945914268494,0.22620539367198944,0.31099873781204224,0.8291581273078918,0.8365238904953003,0.9299958348274231,0.5632769465446472,0.17354100942611694
82,0.8080375790596008,0.9929639101028442,0.02371189557015896,0.8713923096656799,0.12860751152038574,0.14622166752815247,0.9002532958984375,0.8949874639511108,0.9436449408531189,0.7346997857093811,0.975229024887085,0.09536069631576538,0.7970402240753174,0.2029598355293274,0.33782124519348145,0.8328171372413635,0.8497321605682373,0.918813943862915,0.7401227951049805,0.1990649700164795
83,0.8092414140701294,0.9945748448371887,0.020534763112664223,0.872300922870636,0.12769879400730133,0.13737456500530243,0.9059003591537476,0.8997787833213806,0.9449433088302612,0.7376527190208435,0.9796022772789001,0.07553915679454803,0.7973135113716125,0.20268666744232178,0.33427515625953674,0.8357954025268555,0.8527145981788635,0.9211969375610352,0.7267817854881287,0.16640183329582214
84,0.7650691866874695,0.9938599467277527,0.020898913964629173,0.8333165645599365,0.1666833907365799,0.15829193592071533,0.8896548748016357,0.88425213098526,0.9413196444511414,0.7036471366882324,0.9632351398468018,0.14399799704551697,0.7620387077331543,0.23796135187149048,0.4302714765071869,0.8178741931915283,0.8701567053794861,0.8787698745727539,1.0042957067489624,0.13311763107776642
85,0.8000802993774414,0.9925942420959473,0.026279456913471222,0.8655884861946106,0.13441230356693268,0.1521998941898346,0.8947253227233887,0.893436074256897,0.9404183030128479,0.6266352534294128,0.8678560853004456,0.498060017824173,0.6960428953170776,0.3039570152759552,0.7456199526786804,0.6817619800567627,0.9401180148124695,0.6393104195594788,2.0655717849731445,0.20556288957595825
86,0.8041741847991943,0.9906913638114929,0.029444189742207527,0.8704928755760193,0.1295064091682434,0.14551037549972534,0.8917367458343506,0.8931772708892822,0.9360062479972839,0.7257364392280579,0.9835667610168457,0.05744744464755058,0.7866029739379883,0.21339698135852814,0.3048338294029236,0.8456630706787109,0.8644163608551025,0.9117861390113831,0.5770847201347351,0.19352249801158905
87,0.7876465320587158,0.9951051473617554,0.02062367834150791,0.8530828356742859,0.14691734313964844,0.146742582321167,0.8973264694213867,0.892717182636261,0.9420947432518005,0.7316367626190186,0.9806585907936096,0.08192045986652374,0.7931029796600342,0.20689700543880463,0.31754571199417114,0.8348506689071655,0.8475114107131958,0.9231700301170349,0.6473468542098999,0.14621776342391968
88,0.8235433101654053,0.9964649677276611,0.016305306926369667,0.8851556777954102,0.1148446723818779,0.1128728911280632,0.9127556085586548,0.907110333442688,0.9472113847732544,0.7241165637969971,0.980456531047821,0.07494005560874939,0.7832595109939575,0.21674036979675293,0.3198050856590271,0.8453450202941895,0.8691477179527283,0.9131219983100891,0.6268385052680969,0.10695744305849075
89,0.8157464265823364,0.9955074787139893,0.017619367688894272,0.8785380721092224,0.12146278470754623,0.12561586499214172,0.9076217412948608,0.9045013189315796,0.9451283812522888,0.7447172403335571,0.9792461395263672,0.06490359455347061,0.8034920692443848,0.1965080350637436,0.3220137655735016,0.8412779569625854,0.8635222315788269,0.9142364263534546,0.6963554620742798,0.13807524740695953
90,0.7946228384971619,0.9948198795318604,0.020426126196980476,0.8596531748771667,0.14034657180309296,0.14034461975097656,0.8965504765510559,0.8929837942123413,0.9456233382225037,0.7174455523490906,0.9811409711837769,0.08973271399736404,0.7823575735092163,0.2176426351070404,0.3171348571777344,0.8068534731864929,0.8104240894317627,0.9391254186630249,0.6134687662124634,0.1403387039899826
91,0.785804271697998,0.9915614128112793,0.029857290908694267,0.8518375158309937,0.14816249907016754,0.15475118160247803,0.8861311674118042,0.8867447972297668,0.940189003944397,0.7246522307395935,0.9827067852020264,0.07697964459657669,0.7862908840179443,0.21370913088321686,0.30138882994651794,0.8337793946266174,0.8517988920211792,0.9186748266220093,0.5623918175697327,0.17451724410057068
92,0.8228021264076233,0.9966797232627869,0.01580827683210373,0.8829085230827332,0.1170915961265564,0.11382757127285004,0.9113102555274963,0.9077451825141907,0.9468441605567932,0.7517860531806946,0.981651782989502,0.06558921188116074,0.8115209341049194,0.1884789764881134,0.282090425491333,0.8424528241157532,0.8654436469078064,0.9180495142936707,0.5610184669494629,0.10403610020875931
93,0.7845112681388855,0.9935992956161499,0.023347819223999977,0.8498453497886658,0.15015478432178497,0.1522061824798584,0.8926244974136353,0.8921189308166504,0.9420840740203857,0.6851890087127686,0.987358033657074,0.05189580097794533,0.7507521510124207,0.2492477297782898,0.2923828065395355,0.8221416473388672,0.833503782749176,0.9215723872184753,0.4198126792907715,0.15835998952388763
94,0.8099966645240784,0.9933947920799255,0.024935739114880562,0.8721574544906616,0.1278422325849533,0.14369066059589386,0.9007628560066223,0.9018838405609131,0.942509651184082,0.7284636497497559,0.9755963087081909,0.08589579910039902,0.7914944887161255,0.2085055112838745,0.2947678864002228,0.8302363753318787,0.8598242998123169,0.9115123748779297,0.5515635013580322,0.19123637676239014
95,0.808539092540741,0.9945420622825623,0.021590091288089752,0.8705956339836121,0.12940476834774017,0.1454986184835434,0.9037526249885559,0.9033257365226746,0.9456895589828491,0.7005428075790405,0.9730571508407593,0.11029528081417084,0.7570577263832092,0.24294234812259674,0.4737812280654907,0.8212990164756775,0.8480899333953857,0.9104233384132385,1.163096308708191,0.19377997517585754
96,0.8166822791099548,0.9933947324752808,0.023695679381489754,0.8784462809562683,0.121553435921669,0.13798682391643524,0.8996192812919617,0.9009350538253784,0.9420996904373169,0.7594733834266663,0.9801295399665833,0.07054942846298218,0.8201720118522644,0.1798279881477356,0.2866559326648712,0.8420689105987549,0.8675386905670166,0.9119701385498047,0.6052030324935913,0.18728767335414886
97,0.8142746686935425,0.996410071849823,0.01759634166955948,0.8761953711509705,0.12380438297986984,0.12119568139314651,0.904983639717102,0.9024614095687866,0.9470518231391907,0.7463685274124146,0.9819352626800537,0.0698920264840126,0.8077207207679749,0.19227918982505798,0.27877336740493774,0.8361527323722839,0.85838782787323,0.9175154566764832,0.5363725423812866,0.11336968094110489
98,0.8317636251449585,0.9967315196990967,0.016066255047917366,0.8915172815322876,0.10848299413919449,0.10632169246673584,0.9111735820770264,0.9089368581771851,0.9494993686676025,0.7596125602722168,0.980104923248291,0.07045740634202957,0.8201791644096375,0.17982077598571777,0.2826497256755829,0.8355567455291748,0.856273353099823,0.9230548143386841,0.589227557182312,0.09983759373426437
99,0.8379263281822205,0.9968624711036682,0.015362787991762161,0.8973104953765869,0.10268961638212204,0.10121432691812515,0.914166271686554,0.9128684401512146,0.9485207796096802,0.7316513061523438,0.9782622456550598,0.06371209770441055,0.7935311198234558,0.20646905899047852,0.30527976155281067,0.8445107340812683,0.8824765682220459,0.9007059335708618,0.6047167181968689,0.0967886745929718
100,0.815126359462738,0.9957684278488159,0.017527081072330475,0.8779755234718323,0.12202532589435577,0.1247701644897461,0.9017252922058105,0.899445116519928,0.9462927579879761,0.7352960705757141,0.9626674056053162,0.1546974629163742,0.7965506315231323,0.20344917476177216,0.36255133152008057,0.8146610260009766,0.8708531856536865,0.8745124936103821,0.8374084234237671,0.13300472497940063
101,0.8188354969024658,0.995011031627655,0.020968105643987656,0.8803284168243408,0.11967252939939499,0.1261846125125885,0.9062247276306152,0.9066025614738464,0.9442093968391418,0.7448813319206238,0.9820624589920044,0.07420563697814941,0.806197464466095,0.19380252063274384,0.2751668095588684,0.8412241339683533,0.8603673577308655,0.9223083853721619,0.5174009203910828,0.1457207351922989
102,0.8333561420440674,0.9958522915840149,0.018052199855446815,0.8932898640632629,0.10670977085828781,0.11248183250427246,0.911976158618927,0.9103879928588867,0.9488816857337952,0.7508844137191772,0.9805517792701721,0.07502073049545288,0.8109666705131531,0.18903318047523499,0.2977297902107239,0.8376047611236572,0.8534584045410156,0.9278566837310791,0.6218081712722778,0.12979815900325775
103,0.8491807579994202,0.9972807765007019,0.014005156233906746,0.9078284502029419,0.0921720564365387,0.09358683973550797,0.9195587635040283,0.9173799157142639,0.9506324529647827,0.7526760697364807,0.9780920743942261,0.07235323637723923,0.8118802905082703,0.18811959028244019,0.2922843098640442,0.8418450355529785,0.8718671202659607,0.9136260747909546,0.6028039455413818,0.09783107787370682
104,0.8003268241882324,0.9884546995162964,0.03645944967865944,0.865812361240387,0.13418690860271454,0.14303776621818542,0.8833861947059631,0.8944216370582581,0.9300766587257385,0.7275153994560242,0.9861489534378052,0.06385483592748642,0.7902923226356506,0.20970743894577026,0.277826726436615,0.8351907134056091,0.8477156162261963,0.9288858771324158,0.480307400226593,0.16958999633789062
105,0.8157906532287598,0.9937393069267273,0.024080080911517143,0.8783601522445679,0.12163985520601273,0.13870997726917267,0.8973636627197266,0.8992377519607544,0.9433310031890869,0.7272100448608398,0.983903169631958,0.0671815499663353,0.7883036732673645,0.2116965502500534,0.30401042103767395,0.8357795476913452,0.8522205948829651,0.9215454459190369,0.5788981914520264,0.1899205595254898
106,0.8448317050933838,0.9967894554138184,0.01518802996724844,0.9039742350578308,0.09602522104978561,0.09496521949768066,0.9143623113632202,0.9123991131782532,0.9497841000556946,0.7496470808982849,0.979926347732544,0.0731767937541008,0.8097684979438782,0.19023147225379944,0.30275166034698486,0.8431941270828247,0.8809770941734314,0.9001045823097229,0.6382670998573303,0.09178533405065536
107,0.8251502513885498,0.9960742592811584,0.016738412901759148,0.8871819376945496,0.11281842738389969,0.11500469595193863,0.9086207151412964,0.9080719351768494,0.9463486671447754,0.7010599374771118,0.9849019646644592,0.05920625850558281,0.7630285620689392,0.2369714230298996,0.3044884502887726,0.8314517140388489,0.8510774374008179,0.9172970652580261,0.5050878524780273,0.1215636357665062
108,0.817786693572998,0.9965686202049255,0.015817347913980484,0.8764937520027161,0.12350650131702423,0.11599384248256683,0.9102386236190796,0.910405158996582,0.947548508644104,0.7497094869613647,0.9667779207229614,0.12391969561576843,0.8095637559890747,0.19043654203414917,0.3489606976509094,0.8296558856964111,0.8890488743782043,0.8803749680519104,0.8221758604049683,0.09345568716526031
109,0.8253164291381836,0.9951339960098267,0.02039961703121662,0.8855892419815063,0.11441031098365784,0.12359106540679932,0.9074848890304565,0.9090768098831177,0.9454269409179688,0.7422577142715454,0.9778684377670288,0.06872685253620148,0.8028300404548645,0.19716982543468475,0.29460257291793823,0.838887095451355,0.8734187483787537,0.9038563370704651,0.5849102735519409,0.15113264322280884
110,0.8381635546684265,0.9958446025848389,0.017481040209531784,0.8968061804771423,0.10319477319717407,0.10391855239868164,0.9118198156356812,0.9126909971237183,0.9476587176322937,0.7461469173431396,0.965978741645813,0.10120583325624466,0.8068181276321411,0.19318193197250366,0.34910205006599426,0.8289896845817566,0.9001133441925049,0.8636342287063599,0.8145043253898621,0.10608996450901031
111,0.8410485982894897,0.9963808059692383,0.015961505472660065,0.8994949460029602,0.10050582140684128,0.10073379427194595,0.913193941116333,0.9141567349433899,0.9485031962394714,0.7541205286979675,0.9784417152404785,0.07702040672302246,0.8124593496322632,0.18754085898399353,0.2988485097885132,0.8378821611404419,0.8673607707023621,0.9158325791358948,0.6307523846626282,0.10141776502132416
112,0.8533192873001099,0.9972005486488342,0.014425709843635559,0.9099729657173157,0.09002723544836044,0.09029530733823776,0.9188744425773621,0.9197149276733398,0.9496291279792786,0.7660143971443176,0.9755892753601074,0.07748320698738098,0.8248196244239807,0.17518047988414764,0.298589289188385,0.8335917592048645,0.8640130162239075,0.9156336188316345,0.6667983531951904,0.0910993441939354
113,0.830329418182373,0.9958819150924683,0.016431152820587158,0.8890712261199951,0.11092972010374069,0.11104360222816467,0.9099989533424377,0.9112225770950317,0.9485728740692139,0.7501345276832581,0.9803450107574463,0.07125696539878845,0.809112012386322,0.19088755548000336,0.29700571298599243,0.8404593467712402,0.8693049550056458,0.9127539992332458,0.6133535504341125,0.11138544231653214
114,0.8487316370010376,0.9971320033073425,0.013665936887264252,0.9040597677230835,0.09593981504440308,0.09526368230581284,0.9203207492828369,0.920957088470459,0.9509681463241577,0.7532264590263367,0.9784185886383057,0.08604134619235992,0.8114253878593445,0.18857474625110626,0.3055395781993866,0.84076988697052,0.8694723844528198,0.9172896146774292,0.6543700098991394,0.09323523193597794
115,0.8270801901817322,0.9971879720687866,0.015573477372527122,0.8856059908866882,0.11439374834299088,0.11042093485593796,0.9100766181945801,0.9074144959449768,0.9515972137451172,0.7209343910217285,0.9846029877662659,0.05971847474575043,0.7822263836860657,0.21777354180812836,0.2987971603870392,0.8301458358764648,0.8460715413093567,0.9272628426551819,0.5398491621017456,0.09850265830755234
116,0.8466451168060303,0.99606853723526,0.01615333743393421,0.9039424657821655,0.09605786204338074,0.09833357483148575,0.9142446517944336,0.9173330664634705,0.94624263048172,0.7452677488327026,0.9710941314697266,0.1398407369852066,0.8037571907043457,0.1962427943944931,0.372402548789978,0.8219399452209473,0.8587033152580261,0.9096111059188843,0.8983654379844666,0.1051606610417366
117,0.8423539400100708,0.9964653849601746,0.016038279980421066,0.9008774757385254,0.09912282228469849,0.1033911183476448,0.9132816195487976,0.9132459759712219,0.9493962526321411,0.7220795154571533,0.9789144396781921,0.07245055586099625,0.7815092206001282,0.21849091351032257,0.3105370104312897,0.8274254202842712,0.8549532890319824,0.916038990020752,0.5845776200294495,0.11619623750448227
118,0.8388348817825317,0.9967954158782959,0.015152457170188427,0.896628737449646,0.103371262550354,0.10285353660583496,0.913447380065918,0.9126092791557312,0.9503430724143982,0.7537260055541992,0.9707372784614563,0.09683841466903687,0.812414824962616,0.18758518993854523,0.31851476430892944,0.8353495001792908,0.8830268383026123,0.8919788002967834,0.7091512680053711,0.10130039602518082
119,0.8335567116737366,0.9967526197433472,0.014440382830798626,0.8913528919219971,0.10864762216806412,0.1041298359632492,0.9151009321212769,0.9148570895195007,0.9507737159729004,0.7427604794502258,0.9739765524864197,0.0972430408000946,0.801386296749115,0.19861388206481934,0.3114378750324249,0.8385421633720398,0.8770306706428528,0.904997706413269,0.6528295278549194,0.09057655930519104
120,0.8430095911026001,0.9960708618164062,0.015701675787568092,0.8992748260498047,0.10072514414787292,0.10061629861593246,0.9171770811080933,0.917102575302124,0.9514667987823486,0.7472070455551147,0.9811525344848633,0.07504052668809891,0.8067037463188171,0.19329595565795898,0.29538366198539734,0.8408046960830688,0.8627275824546814,0.9209500551223755,0.5996518135070801,0.10028950870037079
121,0.8400383591651917,0.9975593686103821,0.013756784610450268,0.8965901136398315,0.10340981930494308,0.09774371981620789,0.9171215891838074,0.9150914549827576,0.951423168182373,0.750377357006073,0.9796980023384094,0.07118931412696838,0.8079254627227783,0.19207432866096497,0.298188179731369,0.8448036909103394,0.8749690055847168,0.914028525352478,0.614515483379364,0.08074548095464706
122,0.8412430882453918,0.9932839870452881,0.021814532577991486,0.9010408520698547,0.09895931929349899,0.10967880487442017,0.9075273871421814,0.9142565131187439,0.9420077204704285,0.7609453201293945,0.9813167452812195,0.06951694190502167,0.8197149634361267,0.1802854835987091,0.282573401927948,0.845820426940918,0.8702678084373474,0.9217713475227356,0.5875276923179626,0.14183706045150757
123,0.8544633984565735,0.9968503713607788,0.013715012930333614,0.910595178604126,0.08940410614013672,0.08857454359531403,0.919247031211853,0.9189130067825317,0.9518640041351318,0.742506206035614,0.9851721525192261,0.062322165817022324,0.8027117252349854,0.1972881704568863,0.2639469802379608,0.8398305773735046,0.8568189144134521,0.9292389154434204,0.46213990449905396,0.0860857143998146
124,0.8455975651741028,0.9957414865493774,0.01778789609670639,0.9023633599281311,0.09763719886541367,0.09879884123802185,0.9152826070785522,0.917050302028656,0.9478815197944641,0.7274851202964783,0.98163241147995,0.06362314522266388,0.7874788045883179,0.21252106130123138,0.2913373112678528,0.8349840044975281,0.8614938259124756,0.9171819090843201,0.5308842658996582,0.10228387266397476
125,0.8620621562004089,0.9972618222236633,0.013510019518435001,0.9172531366348267,0.08274649828672409,0.08437058329582214,0.9227162599563599,0.9236539006233215,0.9509509801864624,0.7722908854484558,0.9815640449523926,0.06778223812580109,0.8303122520446777,0.16968795657157898,0.2776239812374115,0.8425910472869873,0.8675125241279602,0.9229485988616943,0.5995563864707947,0.08924258500337601
126,0.8642622232437134,0.997972309589386,0.012384332716464996,0.9182118773460388,0.0817885622382164,0.08069005608558655,0.9252087473869324,0.9250152111053467,0.9536280632019043,0.7716556191444397,0.9799180030822754,0.06680557131767273,0.8296359181404114,0.17036423087120056,0.2850780189037323,0.8470811247825623,0.8805214762687683,0.9110471606254578,0.6272933483123779,0.07739446312189102
127,0.8587464690208435,0.9966089129447937,0.014512632973492146,0.9136642813682556,0.08633579313755035,0.08746962994337082,0.9213371276855469,0.9236306548118591,0.9499109387397766,0.7610931992530823,0.9728363156318665,0.1077103316783905,0.8219236135482788,0.1780765950679779,0.2951622009277344,0.8271364569664001,0.8610658049583435,0.9117233157157898,0.6444242596626282,0.09087128937244415
128,0.8602880239486694,0.9974530339241028,0.013268311507999897,0.9149327874183655,0.08506736159324646,0.0841221734881401,0.9224263429641724,0.9221130609512329,0.9530797600746155,0.7704945802688599,0.9784049987792969,0.0735912099480629,0.8289255499839783,0.17107461392879486,0.27937453985214233,0.8446797728538513,0.8780612945556641,0.9122005105018616,0.6023863554000854,0.08128701895475388
129,0.8728170990943909,0.9978054165840149,0.012227659113705158,0.9243255853652954,0.07567447423934937,0.07480090856552124,0.9257131218910217,0.926463782787323,0.9541500806808472,0.7622262239456177,0.9789493680000305,0.06772881746292114,0.8219329118728638,0.17806728184223175,0.276191771030426,0.8385264277458191,0.8646829724311829,0.9226300120353699,0.5686997175216675,0.07218046486377716
130,0.8718690276145935,0.9978880882263184,0.011907503008842468,0.9244628548622131,0.0755375549197197,0.0757983922958374,0.9271083474159241,0.9288855791091919,0.9529921412467957,0.7635074257850647,0.9741230607032776,0.07550708949565887,0.8201074600219727,0.17989231646060944,0.32163870334625244,0.8422828316688538,0.8859198689460754,0.9025862812995911,0.7447047233581543,0.07658113539218903
131,0.8602603673934937,0.9975807666778564,0.012813753448426723,0.9144890308380127,0.08551159501075745,0.08471957594156265,0.9223666191101074,0.9228657484054565,0.9545881748199463,0.7639258503913879,0.9771363735198975,0.06919161975383759,0.821321964263916,0.17867791652679443,0.2888457179069519,0.8462121486663818,0.885839581489563,0.9066985249519348,0.6173974871635437,0.08234374970197678
132,0.8703830242156982,0.9979658126831055,0.011599072255194187,0.9220232963562012,0.07797690480947495,0.07701563835144043,0.9290487170219421,0.9290945529937744,0.9549288749694824,0.763117790222168,0.9824675917625427,0.059013038873672485,0.8213136196136475,0.17868608236312866,0.27426156401634216,0.8466156125068665,0.870328962802887,0.9258252382278442,0.5591355562210083,0.07413207739591599
133,0.8677314519882202,0.9966571927070618,0.014676393009722233,0.9199700951576233,0.08002999424934387,0.08713451772928238,0.9259461760520935,0.9293420910835266,0.9520068764686584,0.7556707262992859,0.9685180187225342,0.11721763014793396,0.8125796318054199,0.18742045760154724,0.3735616207122803,0.8258624076843262,0.8666102886199951,0.902680516242981,0.9294617176055908,0.10844811052083969
134,0.8696061968803406,0.9977381825447083,0.012389580719172955,0.9233320951461792,0.0766681432723999,0.07768720388412476,0.9274963736534119,0.9276891350746155,0.9529547691345215,0.7654100060462952,0.9780518412590027,0.06395278871059418,0.8243268728256226,0.17567305266857147,0.2830178141593933,0.8465492129325867,0.8827711939811707,0.9083515405654907,0.6031396389007568,0.08074445277452469
135,0.869826078414917,0.9980370998382568,0.011136685498058796,0.9220244288444519,0.07797534018754959,0.07772824913263321,0.9316824078559875,0.9333044290542603,0.9533525109291077,0.7737447023391724,0.9781677722930908,0.06722623854875565,0.8316468596458435,0.1683531254529953,0.28306642174720764,0.8450767397880554,0.8821383714675903,0.9110336899757385,0.6252939105033875,0.07698728144168854
136,0.8739394545555115,0.9975374937057495,0.01226474903523922,0.9246272444725037,0.0753728523850441,0.0776006281375885,0.9288978576660156,0.9296460151672363,0.9556242227554321,0.7756619453430176,0.9788914918899536,0.06983199715614319,0.8339742422103882,0.16602598130702972,0.28417670726776123,0.8445767164230347,0.8765063285827637,0.9175409078598022,0.6367093920707703,0.08428383618593216
137,0.8639166951179504,0.9973945617675781,0.013327082619071007,0.916515052318573,0.08348513394594193,0.0834898129105568,0.9253984689712524,0.9258522987365723,0.9552842378616333,0.7647891044616699,0.9832472801208496,0.0632084310054779,0.8240826725959778,0.17591741681098938,0.26418939232826233,0.8477985262870789,0.871871829032898,0.9243428111076355,0.5272199511528015,0.08350382000207901
138,0.8761849999427795,0.9978216886520386,0.011451168917119503,0.9273186922073364,0.07268122583627701,0.07298218458890915,0.9293504357337952,0.9309036135673523,0.9540528059005737,0.7795678973197937,0.9818844795227051,0.07021822780370712,0.8374766707420349,0.16252349317073822,0.2699694335460663,0.8515383005142212,0.8798044919967651,0.9216830730438232,0.5904830694198608,0.07388535141944885
139,0.8719699382781982,0.9980967044830322,0.011045990511775017,0.9233436584472656,0.07665622979402542,0.07645580917596817,0.9322212338447571,0.9335726499557495,0.9541049003601074,0.7806413769721985,0.9794172048568726,0.06917873024940491,0.838462233543396,0.161537766456604,0.28060439229011536,0.8511497974395752,0.8869022727012634,0.9107090830802917,0.6359081268310547,0.07585430890321732
140,0.8775181174278259,0.9979677796363831,0.01095678098499775,0.9282596111297607,0.07173987478017807,0.07211827486753464,0.9328557252883911,0.9348609447479248,0.9543818831443787,0.760446310043335,0.982374370098114,0.05531364679336548,0.819231390953064,0.180768683552742,0.2714899182319641,0.8480324149131775,0.8740091323852539,0.9221543073654175,0.5418354868888855,0.07325337827205658
141,0.8697199821472168,0.9976285099983215,0.011692126281559467,0.9216001033782959,0.0783996433019638,0.07976444810628891,0.930789053440094,0.9329872131347656,0.9536275863647461,0.7715808153152466,0.9790260195732117,0.0718717947602272,0.829190731048584,0.17080923914909363,0.2930198609828949,0.8455148935317993,0.8777404427528381,0.9180764555931091,0.6576721668243408,0.08385886996984482
142,0.8723161816596985,0.9978883862495422,0.011212124489247799,0.9235661029815674,0.07643397152423859,0.07721675932407379,0.9325389266014099,0.9357946515083313,0.9531254768371582,0.7706294655799866,0.9791936278343201,0.06416678428649902,0.8281739950180054,0.17182603478431702,0.2895473539829254,0.849662184715271,0.8868070244789124,0.9099970459938049,0.640755295753479,0.07956516742706299
143,0.8730645179748535,0.9978805780410767,0.011383259668946266,0.924356997013092,0.07564256340265274,0.07754962146282196,0.9316669702529907,0.9333733320236206,0.9548947215080261,0.7702218890190125,0.9805696606636047,0.06463537365198135,0.8277026414871216,0.1722971349954605,0.3014976680278778,0.8489105105400085,0.8802608251571655,0.9177024364471436,0.6870617866516113,0.0832708328962326
144,0.8824068307876587,0.9978705048561096,0.010976058430969715,0.9328105449676514,0.06718876957893372,0.06943711638450623,0.9338522553443909,0.936053454875946,0.9548230171203613,0.7720701098442078,0.9813951253890991,0.061935991048812866,0.8288089632987976,0.17119118571281433,0.2876054644584656,0.8491604328155518,0.8769663572311401,0.9239179491996765,0.6349052786827087,0.07618217170238495
145,0.8757742643356323,0.9980332255363464,0.010875633917748928,0.925765335559845,0.07423549890518188,0.07430404424667358,0.9333799481391907,0.9346137642860413,0.9561095237731934,0.7693355679512024,0.9813547730445862,0.055838920176029205,0.8271539807319641,0.1728460043668747,0.27948734164237976,0.8516183495521545,0.8864598870277405,0.912676215171814,0.5975225567817688,0.07450947910547256
146,0.8765533566474915,0.9973134994506836,0.011285671964287758,0.9280364513397217,0.07196317613124847,0.07410191744565964,0.9318835735321045,0.9355387091636658,0.9530187845230103,0.7716100811958313,0.9821818470954895,0.06325824558734894,0.8293434381484985,0.17065654695034027,0.28359001874923706,0.8457350730895996,0.8655795454978943,0.933532178401947,0.6204744577407837,0.08051837980747223
147,0.8779253363609314,0.9974290132522583,0.011587073095142841,0.9285183548927307,0.07148188352584839,0.07452892512083054,0.9335353374481201,0.935789167881012,0.9550870060920715,0.7629191875457764,0.982317328453064,0.06553308665752411,0.8198517560958862,0.18014851212501526,0.2888028919696808,0.8426194190979004,0.8665608167648315,0.9283877611160278,0.6128153204917908,0.08366971462965012
148,0.8821619749069214,0.997892439365387,0.01108370441943407,0.9307997822761536,0.06920000910758972,0.06991098821163177,0.9331998229026794,0.9355968236923218,0.9551506042480469,0.7704045176506042,0.9751715064048767,0.08615949004888535,0.8288164138793945,0.17118334770202637,0.3104778230190277,0.8389776945114136,0.875519871711731,0.9157054424285889,0.7262637615203857,0.07204405963420868
149,0.8753735423088074,0.9960393309593201,0.013974872417747974,0.9260894060134888,0.07391034066677094,0.08185077458620071,0.9286701083183289,0.9333000779151917,0.9528557062149048,0.7654469609260559,0.9818274974822998,0.06584399193525314,0.823890209197998,0.17610986530780792,0.29585909843444824,0.8402479290962219,0.8629702925682068,0.9264206290245056,0.653107762336731,0.10567204654216766
150,0.8783198595046997,0.9979278445243835,0.010984550230205059,0.9289178848266602,0.07108227163553238,0.07310076802968979,0.9318300485610962,0.9333207607269287,0.9553239941596985,0.774671733379364,0.9771525263786316,0.07181726396083832,0.8315778970718384,0.16842202842235565,0.29529398679733276,0.8472589254379272,0.8840868473052979,0.9113253951072693,0.6739141345024109,0.07915634661912918
151,0.8818454146385193,0.9980599284172058,0.010406837798655033,0.9300462603569031,0.06995304673910141,0.06975407153367996,0.9360975027084351,0.9386898875236511,0.9553231596946716,0.7744936943054199,0.9773355722427368,0.07039768248796463,0.8313034176826477,0.16869643330574036,0.28967130184173584,0.8480942249298096,0.8878111243247986,0.9077696204185486,0.6506392359733582,0.06915733963251114
152,0.8842158913612366,0.9977189302444458,0.01075399573892355,0.9332018494606018,0.06679742783308029,0.07193205505609512,0.9357354640960693,0.9379236102104187,0.9558553695678711,0.7775258421897888,0.9799700379371643,0.06616489589214325,0.8348931670188904,0.16510692238807678,0.2815564274787903,0.8529238700866699,0.8873208165168762,0.9146762490272522,0.6290025115013123,0.08733608573675156
153,0.8839453458786011,0.9979192018508911,0.010278753004968166,0.9327039122581482,0.06729608029127121,0.07111057639122009,0.9378384351730347,0.9412068724632263,0.9550051093101501,0.7764974236488342,0.9777460098266602,0.08116280287504196,0.8319761157035828,0.1680237501859665,0.30511704087257385,0.845686674118042,0.877500593662262,0.9216546416282654,0.7143356800079346,0.08255407959222794
154,0.885292112827301,0.9978997707366943,0.010437495075166225,0.9331551194190979,0.0668443813920021,0.06980268657207489,0.9376787543296814,0.9392334222793579,0.9571454524993896,0.781044602394104,0.9796979427337646,0.06765817850828171,0.8375333547592163,0.16246657073497772,0.28239408135414124,0.8533596992492676,0.8874593377113342,0.9161571860313416,0.6402682065963745,0.07867767661809921
155,0.887860119342804,0.9979847073554993,0.010046281851828098,0.9343856573104858,0.0656137466430664,0.06772031635046005,0.9383853077888489,0.9415127038955688,0.9558976292610168,0.7746084928512573,0.9795382618904114,0.0791950598359108,0.8318730592727661,0.16812698543071747,0.30378344655036926,0.8452456593513489,0.8724839091300964,0.9287153482437134,0.7087000012397766,0.07404030114412308
156,0.8901838064193726,0.9978246092796326,0.010112818330526352,0.9358453154563904,0.0641547366976738,0.06610129773616791,0.9385777711868286,0.9416264891624451,0.9568108916282654,0.7825918197631836,0.9797314405441284,0.06597748398780823,0.8390393257141113,0.1609608232975006,0.28149667382240295,0.854425847530365,0.887753427028656,0.9193000793457031,0.6412021517753601,0.07194099575281143
157,0.882896900177002,0.9977109432220459,0.011058936826884747,0.9322701096534729,0.06773002445697784,0.07113250344991684,0.9341716170310974,0.9370969533920288,0.9552123546600342,0.7749197483062744,0.9815740585327148,0.06624162197113037,0.8325899243354797,0.16741013526916504,0.2727554142475128,0.8507243990898132,0.8810012340545654,0.9186074733734131,0.5869483351707458,0.08133997768163681
158,0.88004070520401,0.9971421957015991,0.011562875472009182,0.9293860197067261,0.07061399519443512,0.07401341199874878,0.9336322546005249,0.9362413883209229,0.9553236961364746,0.7637495994567871,0.9797340631484985,0.07809264957904816,0.8221228718757629,0.17787712812423706,0.27120038866996765,0.8458337187767029,0.874804675579071,0.9228169918060303,0.5493376851081848,0.0842115506529808
159,0.8796254396438599,0.9981464147567749,0.010202466510236263,0.927565336227417,0.07243430614471436,0.07157689332962036,0.9366505146026611,0.9374547004699707,0.9576882123947144,0.7720205783843994,0.9810752868652344,0.06785520911216736,0.8297525644302368,0.17024725675582886,0.26780998706817627,0.8479701280593872,0.8764453530311584,0.9244624972343445,0.5586883425712585,0.06900475919246674
160,0.8875081539154053,0.9981876015663147,0.009991556406021118,0.9342917799949646,0.06570850312709808,0.06593057513237,0.9380460381507874,0.9402231574058533,0.9569518566131592,0.7711349725723267,0.9807888865470886,0.06515824794769287,0.8279336094856262,0.17206618189811707,0.2735195755958557,0.8505347371101379,0.8819551467895508,0.9208304286003113,0.5760313272476196,0.06659680604934692
161,0.887835681438446,0.9980294108390808,0.010557328350841999,0.9358954429626465,0.06410489231348038,0.06652100384235382,0.9370650053024292,0.9391511678695679,0.9575815200805664,0.7801092863082886,0.9808771014213562,0.07673758268356323,0.8363676071166992,0.16363252699375153,0.2867499887943268,0.847332239151001,0.8748108744621277,0.926339864730835,0.6541654467582703,0.07376927137374878
162,0.8907120823860168,0.9980491995811462,0.009777210652828217,0.937020480632782,0.06297994405031204,0.06418590247631073,0.9394843578338623,0.9422889351844788,0.9563672542572021,0.7810562252998352,0.9798657298088074,0.07262400537729263,0.8372305035591125,0.1627696305513382,0.2863372564315796,0.8518206477165222,0.8812462091445923,0.9239000082015991,0.6551054120063782,0.0678039938211441
163,0.8892430067062378,0.9982657432556152,0.009626312181353569,0.9355635046958923,0.06443635374307632,0.06524831056594849,0.940618634223938,0.9429396390914917,0.9580475687980652,0.781589925289154,0.9810046553611755,0.06537371128797531,0.8377073407173157,0.1622926890850067,0.28042346239089966,0.8529132604598999,0.8820496797561646,0.9244415163993835,0.6329208016395569,0.06768433004617691
164,0.8926408886909485,0.9982023239135742,0.0095401331782341,0.9392931461334229,0.06070653721690178,0.0622762031853199,0.9403130412101746,0.9441523551940918,0.956013023853302,0.7790257334709167,0.9769617319107056,0.07107418775558472,0.8348988890647888,0.16510114073753357,0.3011780381202698,0.8506664633750916,0.8878151774406433,0.9153359532356262,0.7073734998703003,0.06698562204837799
165,0.8937352299690247,0.998156726360321,0.009580401703715324,0.9400359988212585,0.05996410548686981,0.0619104839861393,0.9400005340576172,0.9434040188789368,0.9565448760986328,0.7800794243812561,0.9808326959609985,0.058506548404693604,0.8363851308822632,0.16361498832702637,0.288480281829834,0.8555726408958435,0.8872290253639221,0.9215813279151917,0.6611272692680359,0.06774967163801193
166,0.892498791217804,0.9983501434326172,0.009366349317133427,0.9380371570587158,0.061962470412254333,0.06289701163768768,0.9413480162620544,0.9434398412704468,0.9586860537528992,0.7762207984924316,0.9753233790397644,0.07057540118694305,0.8326438665390015,0.16735588014125824,0.30267134308815,0.8491873145103455,0.8899398446083069,0.9123052358627319,0.7065722942352295,0.06570056825876236
167,0.8936215043067932,0.9980615973472595,0.009535309858620167,0.9388916492462158,0.06110832095146179,0.0631302073597908,0.9413721561431885,0.9447399377822876,0.9580897688865662,0.7738033533096313,0.9813282489776611,0.06405767798423767,0.8309643268585205,0.16903576254844666,0.2913859784603119,0.8465428948402405,0.8685132265090942,0.9353437423706055,0.6564677953720093,0.06919582933187485
168,0.8919549584388733,0.9979463815689087,0.009435943327844143,0.9371351599693298,0.0628650113940239,0.06389851868152618,0.9414334893226624,0.9450617432594299,0.9586268067359924,0.7751566171646118,0.9777580499649048,0.07339566946029663,0.8304402828216553,0.16955946385860443,0.3105154037475586,0.8520059585571289,0.8872051239013672,0.9194077849388123,0.7312847375869751,0.06699900329113007
169,0.8953076601028442,0.9980989098548889,0.008982604369521141,0.9394121170043945,0.06058824434876442,0.06178755685687065,0.943684995174408,0.9462926387786865,0.9590938687324524,0.7764486074447632,0.9768515229225159,0.06991948187351227,0.8322385549545288,0.16776125133037567,0.30569571256637573,0.8540127277374268,0.8953647017478943,0.9105774164199829,0.7174338102340698,0.06538567692041397
170,0.8932629227638245,0.9981178045272827,0.0089544877409935,0.9386884570121765,0.061311203986406326,0.062934510409832,0.9437848925590515,0.9481440782546997,0.9571119546890259,0.77690589427948,0.9756914377212524,0.07447387278079987,0.8325778841972351,0.16742216050624847,0.3064855635166168,0.85207200050354,0.8948707580566406,0.9112236499786377,0.7216051816940308,0.06780413538217545
171,0.8931122422218323,0.9978480935096741,0.00931852962821722,0.9381047487258911,0.061894360929727554,0.0635569617152214,0.9429788589477539,0.9474716186523438,0.9578751921653748,0.7843431234359741,0.9788602590560913,0.06470773369073868,0.8403463363647461,0.1596536636352539,0.2867765724658966,0.8536745309829712,0.890495777130127,0.9166942238807678,0.6662078499794006,0.06854468584060669
172,0.8996827602386475,0.9981973767280579,0.009012412279844284,0.9438385963439941,0.05616145208477974,0.05806402489542961,0.9436390399932861,0.947072446346283,0.958592414855957,0.7804077863693237,0.9754631519317627,0.06833477318286896,0.8362178206443787,0.16378234326839447,0.3049151301383972,0.8560816645622253,0.9049127101898193,0.9009721875190735,0.7262532711029053,0.06377174705266953
173,0.8915587067604065,0.9980587363243103,0.009403171949088573,0.9368879199028015,0.06311197578907013,0.0643632709980011,0.9413787126541138,0.9450456500053406,0.9578583240509033,0.7807443141937256,0.9813188314437866,0.05523468181490898,0.8365634083747864,0.163436621427536,0.27531883120536804,0.8535825610160828,0.8878694772720337,0.9207271933555603,0.6091054677963257,0.06811682134866714
174,0.8932557106018066,0.9983026385307312,0.008956017903983593,0.9378041625022888,0.062196217477321625,0.0631895363330841,0.9434744715690613,0.947497546672821,0.9577332735061646,0.77767413854599,0.9789446592330933,0.057471126317977905,0.8341643810272217,0.16583549976348877,0.2878231406211853,0.8540826439857483,0.89253830909729,0.9143934845924377,0.6518411636352539,0.06616950780153275
175,0.8967399001121521,0.9982299208641052,0.008853515610098839,0.9402046799659729,0.05979537218809128,0.0609625019133091,0.9444494247436523,0.9483775496482849,0.9587344527244568,0.7837962508201599,0.9799922108650208,0.05727240815758705,0.8398575782775879,0.16014230251312256,0.28086429834365845,0.8544752597808838,0.8885896801948547,0.9201886653900146,0.6411322951316833,0.0644640177488327
176,0.8944658637046814,0.9983579516410828,0.0087724719196558,0.9389010071754456,0.06109938770532608,0.06253188848495483,0.945443332195282,0.948941707611084,0.9587897658348083,0.7803217172622681,0.9788632392883301,0.05975249037146568,0.8357588052749634,0.16424113512039185,0.2917995750904083,0.8547114729881287,0.8893828988075256,0.9201452732086182,0.6725032329559326,0.06682933121919632
177,0.896923303604126,0.9980466365814209,0.00886569544672966,0.9411816000938416,0.05881793424487114,0.06051670014858246,0.9445209503173828,0.9489795565605164,0.9583195447921753,0.776244580745697,0.9774782657623291,0.06626034528017044,0.8321837186813354,0.16781611740589142,0.2929541766643524,0.8516587018966675,0.8892867565155029,0.9161945581436157,0.6663890480995178,0.06561301648616791
178,0.8963438272476196,0.9982888698577881,0.008610366843640804,0.9406859874725342,0.05931377783417702,0.060997553169727325,0.9459127187728882,0.950118362903595,0.9579011797904968,0.781213104724884,0.9777168035507202,0.06431134045124054,0.8368241786956787,0.16317591071128845,0.2902070879936218,0.85200035572052,0.8921778798103333,0.9135931730270386,0.669339656829834,0.06604890525341034
179,0.8995808362960815,0.9983511567115784,0.008573243394494057,0.9416009187698364,0.05839920789003372,0.05952128767967224,0.9464330077171326,0.9498623013496399,0.9595221281051636,0.7810400128364563,0.9780276417732239,0.06630440056324005,0.8361688256263733,0.16383114457130432,0.29318326711654663,0.8520753383636475,0.8877182006835938,0.9197084903717041,0.6792583465576172,0.06288743019104004
180,0.9001289010047913,0.9981590509414673,0.00865845289081335,0.9428268671035767,0.057173874229192734,0.05879264324903488,0.9456499814987183,0.9495694041252136,0.959222137928009,0.7828332781791687,0.977495014667511,0.0679205060005188,0.8379826545715332,0.1620173305273056,0.29638782143592834,0.8501257300376892,0.8867985606193542,0.9182409644126892,0.6974974274635315,0.06364892423152924
181,0.9013004899024963,0.9981806874275208,0.008546545170247555,0.9436764121055603,0.05632410943508148,0.05816929414868355,0.9466461539268494,0.9516162276268005,0.9582496285438538,0.7801401019096375,0.9771591424942017,0.06649783253669739,0.8351478576660156,0.1648520976305008,0.2959643006324768,0.8506226539611816,0.8881945013999939,0.9169799089431763,0.6873008608818054,0.0637049674987793
182,0.9025711417198181,0.9982680678367615,0.008388957008719444,0.9448966383934021,0.05510344356298447,0.057282786816358566,0.9474367499351501,0.9514544010162354,0.9595015645027161,0.7785239219665527,0.9796457886695862,0.06291019916534424,0.8337770700454712,0.16622300446033478,0.29369425773620605,0.8489770889282227,0.8802120089530945,0.9251371622085571,0.6741237640380859,0.06382082402706146
183,0.8995434641838074,0.9982679486274719,0.008407166227698326,0.9423564672470093,0.05764368548989296,0.05907408520579338,0.9472996592521667,0.9507941603660583,0.9606813192367554,0.7844341993331909,0.9753292798995972,0.07095740735530853,0.8384650945663452,0.16153495013713837,0.30252742767333984,0.8514160513877869,0.895828127861023,0.9103291034698486,0.7234609127044678,0.06336519867181778
184,0.9014310240745544,0.9983159899711609,0.00823685247451067,0.9431875348091125,0.05681304261088371,0.05843628942966461,0.9484051465988159,0.9522719979286194,0.9604185819625854,0.7826895713806152,0.9753946661949158,0.06922939419746399,0.836997389793396,0.16300253570079803,0.30497491359710693,0.8529905080795288,0.8973690271377563,0.9093148708343506,0.7288312911987305,0.06330595910549164
185,0.904848039150238,0.998136579990387,0.008434697985649109,0.9466179013252258,0.05338246747851372,0.05524730682373047,0.9478869438171387,0.9518728256225586,0.9607837200164795,0.7836521863937378,0.977476954460144,0.06570497900247574,0.8379251956939697,0.16207464039325714,0.2973247468471527,0.8527271747589111,0.8909791707992554,0.9168333411216736,0.7010659575462341,0.06084167957305908
186,0.9062672257423401,0.9983329176902771,0.008158228360116482,0.9471988081932068,0.05280116945505142,0.05475345999002457,0.9483904838562012,0.9517015814781189,0.9612090587615967,0.7844854593276978,0.9766380190849304,0.06715191155672073,0.8387458324432373,0.16125419735908508,0.29962804913520813,0.8529906868934631,0.8952894806861877,0.9128273129463196,0.7127249836921692,0.060610316693782806
187,0.9019518494606018,0.9982187747955322,0.008207311853766441,0.9442731738090515,0.05572615563869476,0.05779397487640381,0.9487637281417847,0.9530918598175049,0.9605854749679565,0.7832025289535522,0.9775477647781372,0.06623751670122147,0.8375345468521118,0.16246561706066132,0.30012306571006775,0.8530264496803284,0.8906843066215515,0.9178969264030457,0.7110677361488342,0.06399755924940109
188,0.9062953591346741,0.9982092380523682,0.008150745183229446,0.9466536045074463,0.05334649980068207,0.05536011978983879,0.9486503005027771,0.9538624882698059,0.9594560265541077,0.7746818661689758,0.9639852046966553,0.09911561757326126,0.8305875658988953,0.1694122850894928,0.33315834403038025,0.843193769454956,0.9119107723236084,0.8826472759246826,0.8221454620361328,0.0614011213183403
189,0.9075740575790405,0.9980382323265076,0.008290867321193218,0.94757080078125,0.052428293973207474,0.05448410287499428,0.9481809139251709,0.9532245397567749,0.960182785987854,0.7838533520698547,0.9752609133720398,0.07467677444219589,0.8385593295097351,0.16144083440303802,0.3020457625389099,0.8517683744430542,0.893943727016449,0.9139357805252075,0.7218198776245117,0.060651395469903946
190,0.9078889489173889,0.9981722235679626,0.008175789378583431,0.9475656151771545,0.052434660494327545,0.054068733006715775,0.9490029811859131,0.9539602398872375,0.9605188369750977,0.7841882705688477,0.9754025340080261,0.0728253573179245,0.8390012383460999,0.16099871695041656,0.30024999380111694,0.8521665334701538,0.8949427604675293,0.9129664301872253,0.7159749865531921,0.0589710958302021
191,0.9075232744216919,0.9980669021606445,0.008058147504925728,0.947871208190918,0.05212901160120964,0.054825931787490845,0.9494627714157104,0.9548924565315247,0.9600196480751038,0.7832027077674866,0.9759871363639832,0.07113765180110931,0.8382003307342529,0.16179965436458588,0.2992411255836487,0.8518052697181702,0.8918582797050476,0.9156126976013184,0.7095434069633484,0.06291648000478745
192,0.9076667428016663,0.9981015920639038,0.00809986237436533,0.947935163974762,0.05206478759646416,0.054653141647577286,0.9491684436798096,0.9539468288421631,0.960662305355072,0.78662109375,0.9746010899543762,0.07665501534938812,0.8409781455993652,0.15902161598205566,0.301485538482666,0.8524969220161438,0.8964173197746277,0.9114360809326172,0.7268400192260742,0.062418095767498016
193,0.9080023765563965,0.9981493949890137,0.008170575834810734,0.9488693475723267,0.051130134612321854,0.054346416145563126,0.9489409923553467,0.9539446234703064,0.9602711796760559,0.7866036891937256,0.9754367470741272,0.07215125858783722,0.8414060473442078,0.15859362483024597,0.29918479919433594,0.8534743785858154,0.8970520496368408,0.9109917879104614,0.7189368605613708,0.06399521976709366
194,0.9068551659584045,0.9983078241348267,0.007915857248008251,0.9474732875823975,0.052527327090501785,0.05472131446003914,0.9505568146705627,0.9546115398406982,0.961406409740448,0.7864595651626587,0.9757016897201538,0.07226040214300156,0.8412882089614868,0.15871194005012512,0.298504501581192,0.8527933955192566,0.8951687216758728,0.912840723991394,0.7158652544021606,0.06130306422710419
195,0.908096969127655,0.9982526302337646,0.008054575882852077,0.9487528800964355,0.051247160881757736,0.05387958511710167,0.9500017166137695,0.954266369342804,0.9615174531936646,0.7842472791671753,0.974212110042572,0.07738511264324188,0.8381668925285339,0.16183313727378845,0.3085764944553375,0.8519737720489502,0.8968215584754944,0.9103874564170837,0.746721625328064,0.06177682802081108
196,0.9080603718757629,0.9980921745300293,0.008010506629943848,0.9477285742759705,0.05227172374725342,0.05420602858066559,0.9496604204177856,0.9546535015106201,0.9608972668647766,0.7863452434539795,0.9746726751327515,0.07623183727264404,0.840826153755188,0.1591738611459732,0.30260252952575684,0.8515904545783997,0.8954231142997742,0.912041962146759,0.7308439612388611,0.06000906229019165
197,0.9042887091636658,0.9981460571289062,0.008052092976868153,0.9455087184906006,0.05449098348617554,0.05722697079181671,0.9495846033096313,0.9542457461357117,0.9609910249710083,0.7844976186752319,0.9762352705001831,0.07150226086378098,0.8390934467315674,0.16090652346611023,0.2992549538612366,0.8530508279800415,0.8940098285675049,0.9144473671913147,0.7122781872749329,0.0654350221157074
198,0.9096696376800537,0.9982049465179443,0.007892981171607971,0.9496989846229553,0.05030124634504318,0.052330922335386276,0.9505816698074341,0.9551774263381958,0.9613022208213806,0.784216046333313,0.9758097529411316,0.07267601788043976,0.83851158618927,0.16148820519447327,0.3010903298854828,0.8523037433624268,0.8942782282829285,0.9138804078102112,0.7178628444671631,0.05842013284564018
199,0.9099999666213989,0.9981662631034851,0.00793050229549408,0.9495981931686401,0.05040224641561508,0.05231073498725891,0.9501221179962158,0.9556305408477783,0.9605796933174133,0.784421980381012,0.9758597016334534,0.07297515124082565,0.8388690948486328,0.16113105416297913,0.3007493019104004,0.8524183630943298,0.8943279385566711,0.9144877195358276,0.7175727486610413,0.058036237955093384
200,0.9109777808189392,0.9981449842453003,0.007968733087182045,0.9506346583366394,0.04936517775058746,0.05191373825073242,0.95026695728302,0.9553347229957581,0.9612341523170471,0.7845195531845093,0.975376546382904,0.07317440211772919,0.8389777541160583,0.16102229058742523,0.3008657395839691,0.8526907563209534,0.8960490226745605,0.912643313407898,0.718363344669342,0.059559423476457596
201,0.9089843034744263,0.9982075691223145,0.007949888706207275,0.9486165642738342,0.051383212208747864,0.05394311994314194,0.9500083923339844,0.9551864862442017,0.9609661102294922,0.7845485806465149,0.9753117561340332,0.07293200492858887,0.8390523195266724,0.16094736754894257,0.3009299039840698,0.8526683449745178,0.8961830139160156,0.9123695492744446,0.7188451886177063,0.061622824519872665
202,0.9101938605308533,0.9982655048370361,0.007865938358008862,0.9496656060218811,0.050334203988313675,0.05342401936650276,0.9509315490722656,0.9551335573196411,0.9623906016349792,0.7848164439201355,0.9755852222442627,0.07160937786102295,0.8392947316169739,0.16070495545864105,0.2999551594257355,0.8528274893760681,0.8960751295089722,0.9128602147102356,0.7156792283058167,0.06269362568855286
203,0.9093055725097656,0.9981322884559631,0.007865937426686287,0.9496752023696899,0.05032457411289215,0.05374889075756073,0.9506901502609253,0.9564432501792908,0.960091769695282,0.7847286462783813,0.9756149053573608,0.07156466692686081,0.8392471671104431,0.16075290739536285,0.2997361421585083,0.8526687622070312,0.8955504298210144,0.9131937623023987,0.7146604061126709,0.06402204185724258
204,0.908772885799408,0.9981114268302917,0.007836523465812206,0.9479987621307373,0.05200152471661568,0.054045625030994415,0.9506546258926392,0.9563385844230652,0.9604650735855103,0.7847242951393127,0.9756170511245728,0.07156965136528015,0.8392425775527954,0.16075734794139862,0.29974764585494995,0.8526811599731445,0.8955740928649902,0.9131683707237244,0.7146932482719421,0.06017792597413063
205,0.906918466091156,0.9980892539024353,0.007991500198841095,0.9474121928215027,0.05258810892701149,0.05499725788831711,0.9500573873519897,0.9561689496040344,0.9597457051277161,0.7847242951393127,0.9756170511245728,0.07156965136528015,0.8392425775527954,0.16075734794139862,0.29974764585494995,0.8526811599731445,0.8955740928649902,0.9131683707237244,0.7146932482719421,0.06222483143210411
206,0.9100781679153442,0.9982326030731201,0.007789628580212593,0.9497228264808655,0.050276368856430054,0.052831657230854034,0.9508583545684814,0.955460786819458,0.9616633057594299,0.7847243547439575,0.9756170511245728,0.07156964391469955,0.8392426371574402,0.16075736284255981,0.29974767565727234,0.8526811599731445,0.8955740928649902,0.9131683707237244,0.7146932482719421,0.060497548431158066
207,0.911309540271759,0.9982953071594238,0.007831552997231483,0.9509268999099731,0.04907386749982834,0.051789965480566025,0.9515147805213928,0.9561610221862793,0.9618319869041443,0.7847242951393127,0.9756170511245728,0.07156964391469955,0.839242696762085,0.16075733304023743,0.29974767565727234,0.8526811599731445,0.8955740928649902,0.9131683707237244,0.7146932482719421,0.059938278049230576
208,0.909669816493988,0.9982357621192932,0.007801793981343508,0.948961079120636,0.051039524376392365,0.05320756882429123,0.9513086080551147,0.9555982947349548,0.9622103571891785,0.7847242951393127,0.9756170511245728,0.07156964391469955,0.8392426371574402,0.16075734794139862,0.29974767565727234,0.8526811599731445,0.8955740928649902,0.9131683707237244,0.7146932482719421,0.05971173569560051
209,0.9092708826065063,0.9981756210327148,0.00789291225373745,0.9489260911941528,0.05107371509075165,0.0533522292971611,0.9503514766693115,0.9558950662612915,0.9605399370193481,0.7847243547439575,0.9756170511245728,0.07156964391469955,0.839242696762085,0.16075733304023743,0.29974761605262756,0.8526811599731445,0.8955740928649902,0.9131683707237244,0.7146932482719421,0.0601876936852932
210,0.9082950353622437,0.9982481002807617,0.007792371325194836,0.9487344026565552,0.051265668123960495,0.05418390780687332,0.951219916343689,0.9556592702865601,0.961870014667511,0.7847243547439575,0.9756170511245728,0.07156964391469955,0.8392426371574402,0.16075731813907623,0.29974761605262756,0.8526811599731445,0.8955740928649902,0.9131683707237244,0.7146932482719421,0.06293880194425583
211,0.910592257976532,0.9982160329818726,0.00786889623850584,0.9501937627792358,0.049806151539087296,0.05233411863446236,0.9507830142974854,0.9556963443756104,0.9612712264060974,0.7847243547439575,0.9756170511245728,0.07156964391469955,0.8392426371574402,0.16075731813907623,0.29974764585494995,0.8526811599731445,0.8955740928649902,0.9131683707237244,0.7146932482719421,0.0599181093275547
212,0.9073484539985657,0.9981868863105774,0.00785552803426981,0.9472880363464355,0.05271270498633385,0.05480952560901642,0.950724720954895,0.9559785723686218,0.9609110355377197,0.7847243547439575,0.9756170511245728,0.07156964391469955,0.8392426371574402,0.16075731813907623,0.29974764585494995,0.8526811599731445,0.8955740928649902,0.9131683707237244,0.7146932482719421,0.061099857091903687
213,0.910569429397583,0.9981329441070557,0.007923077791929245,0.9505179524421692,0.04948241263628006,0.05246984586119652,0.9499782919883728,0.9552515149116516,0.9607205986976624,0.7847244143486023,0.9756170511245728,0.07156964391469955,0.8392425775527954,0.16075730323791504,0.29974767565727234,0.8526811599731445,0.8955740928649902,0.9131683707237244,0.7146932482719421,0.06143207103013992
214,0.9066789746284485,0.9981762170791626,0.007870695553719997,0.9466879367828369,0.05331214517354965,0.05573616176843643,0.9500507712364197,0.9552749395370483,0.9607716202735901,0.7847243547439575,0.9756170511245728,0.07156964391469955,0.8392424583435059,0.16075731813907623,0.29974767565727234,0.8526811599731445,0.8955740928649902,0.9131683707237244,0.7146932482719421,0.06300829350948334
215,0.9121710062026978,0.998219907283783,0.007829517126083374,0.9518594741821289,0.0481405146420002,0.051176395267248154,0.9509941935539246,0.9564353227615356,0.960877001285553,0.7847244739532471,0.9756170511245728,0.07156964391469955,0.8392424583435059,0.16075731813907623,0.29974767565727234,0.8526811599731445,0.8955740928649902,0.9131683707237244,0.7146932482719421,0.060283977538347244
216,0.9071559309959412,0.9979680776596069,0.007991124875843525,0.9475945830345154,0.052405327558517456,0.054932255297899246,0.9499058723449707,0.9565461277961731,0.959181547164917,0.7847243547439575,0.9756170511245728,0.07156965136528015,0.8392423987388611,0.16075733304023743,0.29974764585494995,0.8526811599731445,0.8955740928649902,0.9131683707237244,0.7146932482719421,0.06251310557126999
217,0.9098913669586182,0.9983159899711609,0.007749528624117374,0.9492712020874023,0.050728198140859604,0.0528540201485157,0.9516522288322449,0.9559364914894104,0.9621779322624207,0.7847244143486023,0.9756170511245728,0.07156965881586075,0.8392423987388611,0.16075734794139862,0.29974761605262756,0.8526811599731445,0.8955740928649902,0.9131683707237244,0.7146932482719421,0.0592312254011631
218,0.9102725386619568,0.9981962442398071,0.007878786884248257,0.9497153759002686,0.050284244120121,0.05284014716744423,0.9507165551185608,0.9555588960647583,0.9612905979156494,0.7847244143486023,0.9756170511245728,0.07156965881586075,0.8392424583435059,0.16075734794139862,0.29974761605262756,0.8526811599731445,0.8955740928649902,0.9131683707237244,0.7146932482719421,0.06050776690244675
219,0.9114787578582764,0.9982936382293701,0.007776497397571802,0.9508078098297119,0.049193188548088074,0.05159121751785278,0.951474666595459,0.9556952714920044,0.9623512029647827,0.7847244739532471,0.9756170511245728,0.07156965881586075,0.8392424583435059,0.16075734794139862,0.29974761605262756,0.8526811599731445,0.8955740928649902,0.9131683707237244,0.7146932482719421,0.058785293251276016
220,0.9114068746566772,0.9982407093048096,0.007840883918106556,0.9504295587539673,0.04957084730267525,0.051850322633981705,0.9508704543113708,0.9561924934387207,0.9608832597732544,0.7847244143486023,0.9756170511245728,0.07156965881586075,0.8392424583435059,0.16075733304023743,0.29974761605262756,0.8526811599731445,0.8955740928649902,0.9131683707237244,0.7146932482719421,0.058688659220933914
221,0.9097595810890198,0.9981337189674377,0.00790865533053875,0.9495133757591248,0.050486307591199875,0.05279747024178505,0.950229823589325,0.9554637670516968,0.96091228723526,0.7847244143486023,0.9756170511245728,0.07156965136528015,0.8392423987388611,0.16075734794139862,0.29974761605262756,0.8526811599731445,0.8955740928649902,0.9131683707237244,0.7146932482719421,0.05973092466592789
222,0.90752112865448,0.9981067776679993,0.007883438840508461,0.9470771551132202,0.0529230497777462,0.05525683984160423,0.9504203796386719,0.9563692212104797,0.9598548412322998,0.7847242951393127,0.9756170511245728,0.07156965136528015,0.8392423987388611,0.16075733304023743,0.29974761605262756,0.8526811599731445,0.8955740928649902,0.9131683707237244,0.7146932482719421,0.06225816532969475
223,0.9078105688095093,0.9981213212013245,0.00782738346606493,0.9478022456169128,0.052198003977537155,0.0548572763800621,0.9504417777061462,0.9564304947853088,0.9598697423934937,0.7847243547439575,0.9756170511245728,0.07156965136528015,0.8392423987388611,0.16075734794139862,0.29974761605262756,0.8526811599731445,0.8955740928649902,0.9131683707237244,0.7146931886672974,0.06283503025770187
224,0.9101336598396301,0.9981966018676758,0.007927424274384975,0.9496515989303589,0.050347816199064255,0.05295266956090927,0.950630784034729,0.9556859135627747,0.9611162543296814,0.7847244143486023,0.9756170511245728,0.07156965136528015,0.8392424583435059,0.16075731813907623,0.2997475862503052,0.8526811599731445,0.8955740928649902,0.9131683707237244,0.7146931290626526,0.060767415910959244
225,0.910176694393158,0.9982708692550659,0.00784682109951973,0.9493868947029114,0.05061230808496475,0.0528021939098835,0.9510834813117981,0.9555667638778687,0.9620736241340637,0.7847242951393127,0.9756170511245728,0.07156965881586075,0.8392423987388611,0.16075734794139862,0.2997475862503052,0.8526811599731445,0.8955740928649902,0.9131683707237244,0.7146931290626526,0.05937192961573601
226,0.9115045070648193,0.9982025623321533,0.007823341526091099,0.9501792788505554,0.049821026623249054,0.05231329798698425,0.9508135914802551,0.9560311436653137,0.9608635902404785,0.7847242951393127,0.9756170511245728,0.07156965881586075,0.8392423987388611,0.160757377743721,0.29974764585494995,0.8526811599731445,0.8955740928649902,0.9131683707237244,0.7146931290626526,0.059790004044771194
227,0.9099610447883606,0.9982055425643921,0.007773979566991329,0.949965238571167,0.050034746527671814,0.0526069775223732,0.9508480429649353,0.9559963941574097,0.9611471891403198,0.7847243547439575,0.9756170511245728,0.07156965881586075,0.8392424583435059,0.1607573926448822,0.29974764585494995,0.8526811599731445,0.8955740928649902,0.9131683707237244,0.7146930694580078,0.06032367795705795
228,0.9060006141662598,0.9980860948562622,0.007943124510347843,0.9463471174240112,0.05365315079689026,0.056188393384218216,0.9498122930526733,0.9557374119758606,0.9599300026893616,0.7847243547439575,0.9756170511245728,0.07156965881586075,0.8392424583435059,0.1607573926448822,0.2997475564479828,0.8526811599731445,0.8955740928649902,0.9131683707237244,0.7146930694580078,0.06379427760839462
229,0.9094246625900269,0.9981343150138855,0.007915209978818893,0.9486725330352783,0.05132760852575302,0.05343399941921234,0.9502293467521667,0.9556889533996582,0.9607724547386169,0.7847244143486023,0.9756170511245728,0.07156965881586075,0.8392425179481506,0.1607573926448822,0.2997475564479828,0.8526811599731445,0.8955740928649902,0.9131683707237244,0.714693009853363,0.05975308269262314
230,0.9112767577171326,0.9981791973114014,0.007865549065172672,0.9501325488090515,0.049868397414684296,0.052229128777980804,0.9505725502967834,0.9562475681304932,0.9604365825653076,0.7847244143486023,0.9756170511245728,0.07156965881586075,0.8392424583435059,0.1607573926448822,0.2997475564479828,0.8526811599731445,0.8955740928649902,0.9131683707237244,0.714693009853363,0.059311166405677795
231,0.9077649116516113,0.9982779622077942,0.007828127592802048,0.9480107426643372,0.05198969319462776,0.054462406784296036,0.9510610103607178,0.9551482200622559,0.962441623210907,0.7847243547439575,0.9756170511245728,0.07156965881586075,0.8392425775527954,0.1607573926448822,0.2997475862503052,0.8526811599731445,0.8955740928649902,0.9131683707237244,0.714693009853363,0.06188060715794563
232,0.9103809595108032,0.9981732368469238,0.007900860160589218,0.9496307969093323,0.05036991089582443,0.0531146302819252,0.9507123231887817,0.9558944702148438,0.9609600305557251,0.7847242951393127,0.9756170511245728,0.07156965881586075,0.8392425179481506,0.1607573926448822,0.2997475862503052,0.8526811599731445,0.8955740928649902,0.9131683707237244,0.714693009853363,0.061348702758550644
233,0.9127750992774963,0.998185396194458,0.007821274921298027,0.9520977139472961,0.047901835292577744,0.05115329846739769,0.9513556361198425,0.9559502005577087,0.961768627166748,0.7847242951393127,0.9756170511245728,0.07156965881586075,0.8392425179481506,0.1607573926448822,0.2997475862503052,0.8526811599731445,0.8955740928649902,0.9131683707237244,0.714693009853363,0.06090785935521126
234,0.9097184538841248,0.9982709884643555,0.007868262939155102,0.9493773579597473,0.050622448325157166,0.05269733816385269,0.9504643082618713,0.954850971698761,0.9620431065559387,0.7847242951393127,0.9756170511245728,0.07156965881586075,0.8392425179481506,0.1607573926448822,0.2997475862503052,0.8526811599731445,0.8955740928649902,0.9131683707237244,0.714693009853363,0.058922044932842255
235,0.9104037880897522,0.9982168078422546,0.007802414707839489,0.9495618343353271,0.05043824762105942,0.05277108773589134,0.9512047171592712,0.9560337662696838,0.961496114730835,0.784724235534668,0.9756170511245728,0.07156965881586075,0.8392424583435059,0.1607573926448822,0.29974761605262756,0.8526811599731445,0.8955740928649902,0.9131683707237244,0.7146930694580078,0.059769656509160995
236,0.9085496068000793,0.9983076453208923,0.007796883583068848,0.9483832716941833,0.0516170859336853,0.05378459393978119,0.9511807560920715,0.9556043744087219,0.9619855880737305,0.784724235534668,0.9756170511245728,0.07156965881586075,0.8392424583435059,0.1607573926448822,0.2997475862503052,0.8526811599731445,0.8955740928649902,0.9131683707237244,0.7146931290626526,0.060287050902843475
237,0.9112500548362732,0.9981698393821716,0.007897856645286083,0.9514784812927246,0.048522017896175385,0.05253435671329498,0.9505380988121033,0.9566348791122437,0.9598481059074402,0.7847243547439575,0.9756170511245728,0.07156965881586075,0.8392425775527954,0.1607573926448822,0.2997475862503052,0.8526811599731445,0.8955740928649902,0.9131683707237244,0.7146931290626526,0.06457135081291199
238,0.9082103371620178,0.9981604218482971,0.007898684591054916,0.9474657773971558,0.05253463611006737,0.054344307631254196,0.9506688117980957,0.9554151892662048,0.9616292119026184,0.7847242951393127,0.9756170511245728,0.07156965881586075,0.8392425179481506,0.1607573926448822,0.29974761605262756,0.8526811599731445,0.8955740928649902,0.9131683707237244,0.7146931290626526,0.05977310612797737
239,0.9104979038238525,0.9982312321662903,0.00782548077404499,0.9499037861824036,0.050096139311790466,0.052698735147714615,0.9503037333488464,0.9559316635131836,0.9604761004447937,0.7847242951393127,0.9756170511245728,0.07156965881586075,0.8392425179481506,0.160757377743721,0.2997475862503052,0.8526811599731445,0.8955740928649902,0.9131683707237244,0.7146931290626526,0.06050676479935646
240,0.9086019992828369,0.9981802701950073,0.007834156975150108,0.9479233622550964,0.05207592621445656,0.05425452068448067,0.9514955282211304,0.9573481678962708,0.9601437449455261,0.7847243547439575,0.9756170511245728,0.07156965881586075,0.8392424583435059,0.160757377743721,0.2997475862503052,0.8526811599731445,0.8955740928649902,0.9131683707237244,0.7146931290626526,0.06079024821519852
241,0.9080362319946289,0.9981879591941833,0.007916907779872417,0.9480569958686829,0.05194238945841789,0.05452916771173477,0.9506949782371521,0.9561205506324768,0.9607387185096741,0.7847243547439575,0.9756170511245728,0.07156965881586075,0.8392425179481506,0.1607573926448822,0.2997475564479828,0.8526811599731445,0.8955740928649902,0.9131683707237244,0.7146931886672974,0.062289487570524216
242,0.908926248550415,0.9980925917625427,0.007900802418589592,0.9492548704147339,0.0507449209690094,0.0539647713303566,0.9504077434539795,0.9568220973014832,0.9594904780387878,0.7847243547439575,0.9756170511245728,0.07156965881586075,0.8392425179481506,0.1607573926448822,0.2997475564479828,0.8526811599731445,0.8955740928649902,0.9131683707237244,0.7146931886672974,0.06362440437078476
243,0.9104817509651184,0.9982000589370728,0.007796743419021368,0.9494989514350891,0.050500232726335526,0.05248214676976204,0.9509002566337585,0.9565922021865845,0.9603456258773804,0.784724235534668,0.9756170511245728,0.07156966626644135,0.8392425179481506,0.1607573926448822,0.2997475564479828,0.8526811599731445,0.8955740928649902,0.9131683707237244,0.7146931886672974,0.0584278479218483
244,0.910412073135376,0.9982814788818359,0.007825703360140324,0.9495877623558044,0.05041246861219406,0.05278094857931137,0.9507790803909302,0.9558270573616028,0.96124267578125,0.784724235534668,0.9756170511245728,0.07156965881586075,0.8392425179481506,0.160757377743721,0.2997475564479828,0.8526811599731445,0.8955740928649902,0.9131683707237244,0.7146931886672974,0.059886474162340164
245,0.9083801507949829,0.998238742351532,0.007883554324507713,0.9481778740882874,0.051822494715452194,0.05411198362708092,0.9502806663513184,0.9553142786026001,0.9612066745758057,0.784724235534668,0.9756170511245728,0.07156965881586075,0.8392425179481506,0.1607573926448822,0.2997475266456604,0.8526811599731445,0.8955740928649902,0.9131683707237244,0.7146931886672974,0.06098056957125664
246,0.9140658974647522,0.9981778264045715,0.00784343108534813,0.9522311687469482,0.047769203782081604,0.05021876096725464,0.9503911733627319,0.9559836983680725,0.9606659412384033,0.784724235534668,0.9756170511245728,0.07156965881586075,0.8392424583435059,0.1607573926448822,0.2997475564479828,0.8526811599731445,0.8955740928649902,0.9131683707237244,0.7146931886672974,0.057567402720451355
247,0.9106000065803528,0.998189389705658,0.007866970263421535,0.9495832324028015,0.050416894257068634,0.05251554772257805,0.9504995942115784,0.9561600089073181,0.9606119990348816,0.784724235534668,0.9756170511245728,0.07156965881586075,0.8392423987388611,0.1607574075460434,0.2997475266456604,0.8526811599731445,0.8955740928649902,0.9131683707237244,0.7146931886672974,0.05881142616271973
248,0.9089018702507019,0.9982904195785522,0.007857320830225945,0.9474223852157593,0.052577950060367584,0.05425078421831131,0.9511700868606567,0.955628514289856,0.9619321227073669,0.7847241759300232,0.9756170511245728,0.07156965881586075,0.8392423987388611,0.1607573926448822,0.2997475564479828,0.8526811599731445,0.8955740928649902,0.9131683707237244,0.7146931886672974,0.05926946923136711
249,0.9075949192047119,0.9981629252433777,0.007841520942747593,0.9473716616630554,0.05262817069888115,0.05475001409649849,0.9507408142089844,0.9556998610496521,0.9614391326904297,0.7847241759300232,0.9756170511245728,0.07156965881586075,0.8392423987388611,0.1607574075460434,0.2997475862503052,0.8526811599731445,0.8955740928649902,0.9131683707237244,0.7146931886672974,0.061115581542253494
